[{"col":"s_address","row":{"":0},"dtype":"String","samples":1024,"values":["H0SlSmknxdsXxNPGc","TEJ LMkTnY5hp8aQckzyb","s,fStDiv8ocWmhtn8irUQ5jRG","4OGPs qKpfQ6GNLIKhmbIE6e7fSMP8fmwi","Deyt7GUJ7tgaJIpw 6QQXYsgcILdCPnA","yw45wy2XyjPmY4XXHOcVYSvtU","GUIYDfv5xCxLgDx6KQ8khY ntVVnFqmfMKIgT","78jpeO3SIlDN6","8K7ZWVoFxRdnP22quW4NTCM","yw45wy2XyjPmY4XXHOcVYSvtU","Uj0,Jr1GFzWA58rVzHPD6DayBIeDkmxXKg368","Deyt7GUJ7tgaJIpw 6QQXYsgcILdCPnA","VjUAAuMrI2Q2soEw4JH","44tOlazmlW8kJk pbDeZUh9p","TEJ LMkTnY5hp8aQckzyb","Deyt7GUJ7tgaJIpw 6QQXYsgcILdCPnA","TEJ LMkTnY5hp8aQckzyb","hx83kOzqN2OGJs5gEKCW4z","EQzYLK9veRU4SmmB2Bpd","vH81dBrqiAF 5r6MutkO9,W92ds4","PTSEe31GjmUGy58DpRn","oq4hZGnJtPQ8cXEEKAnYTQ3","VjUAAuMrI2Q2soEw4JH","GUIYDfv5xCxLgDx6KQ8khY ntVVnFqmfMKIgT","VjUAAuMrI2Q2soEw4JH","TEJ LMkTnY5hp8aQckzyb","TEJ LMkTnY5hp8aQckzyb","TEJ LMkTnY5hp8aQckzyb","Deyt7GUJ7tgaJIpw 6QQXYsgcILdCPnA","5AshgKDfDl0WiyWsV7nGlG6v53zsiGD","TEJ LMkTnY5hp8aQckzyb","cmR0YvBZ,E3IIgwkPji5lZgibgnyCE8","vH81dBrqiAF 5r6MutkO9,W92ds4","PTSEe31GjmUGy58DpRn","GUIYDfv5xCxLgDx6KQ8khY ntVVnFqmfMKIgT","80Bvm1zGP2I VnornYmLFmjdtPJAlgwZFCl","yw45wy2XyjPmY4XXHOcVYSvtU","TEJ LMkTnY5hp8aQckzyb","yw45wy2XyjPmY4XXHOcVYSvtU","vH81dBrqiAF 5r6MutkO9,W92ds4","TEJ LMkTnY5hp8aQckzyb","nvxebmGPXiA8AIy4SNNKvtra4K3uMeX9CcxZN","PTSEe31GjmUGy58DpRn","K8UYwAQCCtk4Degu15XL,k8bMhh0TxagUeV","vH81dBrqiAF 5r6MutkO9,W92ds4","TEJ LMkTnY5hp8aQckzyb","Uj0,Jr1GFzWA58rVzHPD6DayBIeDkmxXKg368","4cPWnRye6tBexleSY19QRBvzmb","Deyt7GUJ7tgaJIpw 6QQXYsgcILdCPnA","K8UYwAQCCtk4Degu15XL,k8bMhh0TxagUeV","4OGPs qKpfQ6GNLIKhmbIE6e7fSMP8fmwi","TEJ LMkTnY5hp8aQckzyb","K8UYwAQCCtk4Degu15XL,k8bMhh0TxagUeV","PTSEe31GjmUGy58DpRn","TEJ LMkTnY5hp8aQckzyb","TEJ LMkTnY5hp8aQckzyb","BfsNlaP5nMnj","k9fJuxApb0M0dHM7I7","mLPJtpu4wOc cSFzBR","TEJ LMkTnY5hp8aQckzyb","GUIYDfv5xCxLgDx6KQ8khY ntVVnFqmfMKIgT","TEJ LMkTnY5hp8aQckzyb","yw45wy2XyjPmY4XXHOcVYSvtU","70kjY2HFEqUSh9PI4JPLUHoK 7TQ,nv","70kjY2HFEqUSh9PI4JPLUHoK 7TQ,nv","VjUAAuMrI2Q2soEw4JH","TEJ LMkTnY5hp8aQckzyb","TEJ LMkTnY5hp8aQckzyb","6Al8Yob4roJY7BGMn","K8UYwAQCCtk4Degu15XL,k8bMhh0TxagUeV","PTSEe31GjmUGy58DpRn","78jpeO3SIlDN6","PTSEe31GjmUGy58DpRn","EQzYLK9veRU4SmmB2Bpd","TEJ LMkTnY5hp8aQckzyb","yw45wy2XyjPmY4XXHOcVYSvtU","uwd1tPxa2ESNRqSxZE","pZozXtjFOMaeuFQcipB poTUuXfg5NkXaJ1","GUIYDfv5xCxLgDx6KQ8khY ntVVnFqmfMKIgT","PTSEe31GjmUGy58DpRn","yw45wy2XyjPmY4XXHOcVYSvtU","Itk4sjh7qNj,iGCZC","GUIYDfv5xCxLgDx6KQ8khY ntVVnFqmfMKIgT","uwd1tPxa2ESNRqSxZE","EQzYLK9veRU4SmmB2Bpd","TEJ LMkTnY5hp8aQckzyb","oq4hZGnJtPQ8cXEEKAnYTQ3","GUIYDfv5xCxLgDx6KQ8khY ntVVnFqmfMKIgT","TEJ LMkTnY5hp8aQckzyb","vH81dBrqiAF 5r6MutkO9,W92ds4","s,fStDiv8ocWmhtn8irUQ5jRG","PTSEe31GjmUGy58DpRn","TEJ LMkTnY5hp8aQckzyb","TEJ LMkTnY5hp8aQckzyb","Deyt7GUJ7tgaJIpw 6QQXYsgcILdCPnA","VjUAAuMrI2Q2soEw4JH","K8UYwAQCCtk4Degu15XL,k8bMhh0TxagUeV","GUIYDfv5xCxLgDx6KQ8khY ntVVnFqmfMKIgT","ayz3a18xDGrr3jtS","PTSEe31GjmUGy58DpRn","EQzYLK9veRU4SmmB2Bpd","4OGPs qKpfQ6GNLIKhmbIE6e7fSMP8fmwi","ZNzg,SXxDld","TEJ LMkTnY5hp8aQckzyb","PTSEe31GjmUGy58DpRn","6Al8Yob4roJY7BGMn","Deyt7GUJ7tgaJIpw 6QQXYsgcILdCPnA","oq4hZGnJtPQ8cXEEKAnYTQ3","TEJ LMkTnY5hp8aQckzyb","GUIYDfv5xCxLgDx6KQ8khY ntVVnFqmfMKIgT","TEJ LMkTnY5hp8aQckzyb","vH81dBrqiAF 5r6MutkO9,W92ds4","hJ9yzgWlCtPBYJ6wKrPmkGnxz4qL","TEJ LMkTnY5hp8aQckzyb","TEJ LMkTnY5hp8aQckzyb","GUIYDfv5xCxLgDx6KQ8khY ntVVnFqmfMKIgT","C8b,8wf456hH4ts2y7","K8UYwAQCCtk4Degu15XL,k8bMhh0TxagUeV","TEJ LMkTnY5hp8aQckzyb","vH81dBrqiAF 5r6MutkO9,W92ds4","GUIYDfv5xCxLgDx6KQ8khY ntVVnFqmfMKIgT","mWo,q59bGX","TEJ LMkTnY5hp8aQckzyb","TEJ LMkTnY5hp8aQckzyb","s,fStDiv8ocWmhtn8irUQ5jRG","TEJ LMkTnY5hp8aQckzyb","VjUAAuMrI2Q2soEw4JH","oq4hZGnJtPQ8cXEEKAnYTQ3","K8UYwAQCCtk4Degu15XL,k8bMhh0TxagUeV","VjUAAuMrI2Q2soEw4JH","GUIYDfv5xCxLgDx6KQ8khY ntVVnFqmfMKIgT","PTSEe31GjmUGy58DpRn","K8UYwAQCCtk4Degu15XL,k8bMhh0TxagUeV","GUIYDfv5xCxLgDx6KQ8khY ntVVnFqmfMKIgT","Deyt7GUJ7tgaJIpw 6QQXYsgcILdCPnA","oq4hZGnJtPQ8cXEEKAnYTQ3","F7PnOijaTN","TEJ LMkTnY5hp8aQckzyb","iBjR27aHk3oZkoJ5ObHRgmkedTuv1GpsBNkTjFdP","PTSEe31GjmUGy58DpRn","s,fStDiv8ocWmhtn8irUQ5jRG","GUIYDfv5xCxLgDx6KQ8khY ntVVnFqmfMKIgT","ZX3Q66f2xoYyaibkoxffLeV6Qwf","uwd1tPxa2ESNRqSxZE","PTSEe31GjmUGy58DpRn","Deyt7GUJ7tgaJIpw 6QQXYsgcILdCPnA","JHRSOterYgt4MTNo7cupTzA,6MoNw 4","pZozXtjFOMaeuFQcipB poTUuXfg5NkXaJ1","yw45wy2XyjPmY4XXHOcVYSvtU","JxWOTAGllddwELu1Q8zUZi","PTSEe31GjmUGy58DpRn","K4wgrSdZma4,GHmj","GUIYDfv5xCxLgDx6KQ8khY ntVVnFqmfMKIgT","m9Fh4uXYiU8zm9 lnA0k9T","JHRSOterYgt4MTNo7cupTzA,6MoNw 4","ZX3Q66f2xoYyaibkoxffLeV6Qwf","GUIYDfv5xCxLgDx6KQ8khY ntVVnFqmfMKIgT","y mQ7NHjVbdqnbYr9 L","vH81dBrqiAF 5r6MutkO9,W92ds4","Deyt7GUJ7tgaJIpw 6QQXYsgcILdCPnA","VjUAAuMrI2Q2soEw4JH","K8UYwAQCCtk4Degu15XL,k8bMhh0TxagUeV","PTSEe31GjmUGy58DpRn","K8UYwAQCCtk4Degu15XL,k8bMhh0TxagUeV","TEJ LMkTnY5hp8aQckzyb","s,fStDiv8ocWmhtn8irUQ5jRG","Deyt7GUJ7tgaJIpw 6QQXYsgcILdCPnA","PTSEe31GjmUGy58DpRn","PTSEe31GjmUGy58DpRn","hxxNZvWF06emG9qbHomzy","Deyt7GUJ7tgaJIpw 6QQXYsgcILdCPnA","GUIYDfv5xCxLgDx6KQ8khY ntVVnFqmfMKIgT","TEJ LMkTnY5hp8aQckzyb","K8UYwAQCCtk4Degu15XL,k8bMhh0TxagUeV","TEJ LMkTnY5hp8aQckzyb","nvxebmGPXiA8AIy4SNNKvtra4K3uMeX9CcxZN","TEJ LMkTnY5hp8aQckzyb","PTSEe31GjmUGy58DpRn","u83kAQaB2P4fCQlfgAiNkVbQI","TEJ LMkTnY5hp8aQckzyb","s,fStDiv8ocWmhtn8irUQ5jRG","oq4hZGnJtPQ8cXEEKAnYTQ3","yw45wy2XyjPmY4XXHOcVYSvtU","VjUAAuMrI2Q2soEw4JH","TEJ LMkTnY5hp8aQckzyb","TEJ LMkTnY5hp8aQckzyb","PTSEe31GjmUGy58DpRn","Deyt7GUJ7tgaJIpw 6QQXYsgcILdCPnA","GUIYDfv5xCxLgDx6KQ8khY ntVVnFqmfMKIgT","yw45wy2XyjPmY4XXHOcVYSvtU","PTSEe31GjmUGy58DpRn","TEJ LMkTnY5hp8aQckzyb","VjUAAuMrI2Q2soEw4JH","TEJ LMkTnY5hp8aQckzyb","GUIYDfv5xCxLgDx6KQ8khY ntVVnFqmfMKIgT","O1muyOZNFeu bN8BnoX","GUIYDfv5xCxLgDx6KQ8khY ntVVnFqmfMKIgT","8zoRcyCNDtQhJ43BWbldOmhLRIuYtZTZdXIG5","w77P,JF6UdQQZ5f jHUG0I6yW8lleUAwy3ztsqr","QMWQx2utAqLlVtzkXD34POTPn dKN1","GUIYDfv5xCxLgDx6KQ8khY ntVVnFqmfMKIgT","GUIYDfv5xCxLgDx6KQ8khY ntVVnFqmfMKIgT","K8UYwAQCCtk4Degu15XL,k8bMhh0TxagUeV","TEJ LMkTnY5hp8aQckzyb","H1QHEFyhpWL0DdFRju6w4fL140K5yDaXVfgr","TEJ LMkTnY5hp8aQckzyb","vH81dBrqiAF 5r6MutkO9,W92ds4","wZYIuP7GJUrykZfx4u3SnFSdLXwmkaJ1  Bu","GUIYDfv5xCxLgDx6KQ8khY ntVVnFqmfMKIgT","PTSEe31GjmUGy58DpRn","TEJ LMkTnY5hp8aQckzyb","GUIYDfv5xCxLgDx6KQ8khY ntVVnFqmfMKIgT","nvxebmGPXiA8AIy4SNNKvtra4K3uMeX9CcxZN","s,fStDiv8ocWmhtn8irUQ5jRG","4OGPs qKpfQ6GNLIKhmbIE6e7fSMP8fmwi","k9fJuxApb0M0dHM7I7","TEJ LMkTnY5hp8aQckzyb","PTSEe31GjmUGy58DpRn","s,fStDiv8ocWmhtn8irUQ5jRG","k9fJuxApb0M0dHM7I7","TEJ LMkTnY5hp8aQckzyb","hJ9yzgWlCtPBYJ6wKrPmkGnxz4qL","m9Fh4uXYiU8zm9 lnA0k9T","vH81dBrqiAF 5r6MutkO9,W92ds4","TEJ LMkTnY5hp8aQckzyb","GUIYDfv5xCxLgDx6KQ8khY ntVVnFqmfMKIgT","Deyt7GUJ7tgaJIpw 6QQXYsgcILdCPnA","m9Fh4uXYiU8zm9 lnA0k9T","TEJ LMkTnY5hp8aQckzyb","TEJ LMkTnY5hp8aQckzyb","PTSEe31GjmUGy58DpRn","hpQ5cur09gp4JfI3u4","s,fStDiv8ocWmhtn8irUQ5jRG","TEJ LMkTnY5hp8aQckzyb","vH81dBrqiAF 5r6MutkO9,W92ds4","TEJ LMkTnY5hp8aQckzyb","TEJ LMkTnY5hp8aQckzyb","TEJ LMkTnY5hp8aQckzyb","70kjY2HFEqUSh9PI4JPLUHoK 7TQ,nv","EQzYLK9veRU4SmmB2Bpd","VjUAAuMrI2Q2soEw4JH","TEJ LMkTnY5hp8aQckzyb","vH81dBrqiAF 5r6MutkO9,W92ds4","ZNzg,SXxDld","K8UYwAQCCtk4Degu15XL,k8bMhh0TxagUeV","TEJ LMkTnY5hp8aQckzyb","TEJ LMkTnY5hp8aQckzyb","X9nvgpdOUrup2","vH81dBrqiAF 5r6MutkO9,W92ds4","TEJ LMkTnY5hp8aQckzyb","GUIYDfv5xCxLgDx6KQ8khY ntVVnFqmfMKIgT","vH81dBrqiAF 5r6MutkO9,W92ds4","GUIYDfv5xCxLgDx6KQ8khY ntVVnFqmfMKIgT","Deyt7GUJ7tgaJIpw 6QQXYsgcILdCPnA","TEJ LMkTnY5hp8aQckzyb","TEJ LMkTnY5hp8aQckzyb","4OGPs qKpfQ6GNLIKhmbIE6e7fSMP8fmwi","K8UYwAQCCtk4Degu15XL,k8bMhh0TxagUeV","GUIYDfv5xCxLgDx6KQ8khY ntVVnFqmfMKIgT","s,fStDiv8ocWmhtn8irUQ5jRG","GUIYDfv5xCxLgDx6KQ8khY ntVVnFqmfMKIgT","mWo,q59bGX","4OGPs qKpfQ6GNLIKhmbIE6e7fSMP8fmwi","ZNzg,SXxDld","JxWOTAGllddwELu1Q8zUZi","K8UYwAQCCtk4Degu15XL,k8bMhh0TxagUeV","pZozXtjFOMaeuFQcipB poTUuXfg5NkXaJ1","Deyt7GUJ7tgaJIpw 6QQXYsgcILdCPnA","TEJ LMkTnY5hp8aQckzyb","K8UYwAQCCtk4Degu15XL,k8bMhh0TxagUeV","H0SlSmknxdsXxNPGc","GUIYDfv5xCxLgDx6KQ8khY ntVVnFqmfMKIgT","K8UYwAQCCtk4Degu15XL,k8bMhh0TxagUeV","TEJ LMkTnY5hp8aQckzyb","nvxebmGPXiA8AIy4SNNKvtra4K3uMeX9CcxZN","TEJ LMkTnY5hp8aQckzyb","oq4hZGnJtPQ8cXEEKAnYTQ3","VjUAAuMrI2Q2soEw4JH","TEJ LMkTnY5hp8aQckzyb","VjUAAuMrI2Q2soEw4JH","VjUAAuMrI2Q2soEw4JH","70kjY2HFEqUSh9PI4JPLUHoK 7TQ,nv","y mQ7NHjVbdqnbYr9 L","teJ6VTonlWRj7MCOuKRiL91KA","TEJ LMkTnY5hp8aQckzyb","TEJ LMkTnY5hp8aQckzyb","1EmkCApL5iF","oq4hZGnJtPQ8cXEEKAnYTQ3","K8UYwAQCCtk4Degu15XL,k8bMhh0TxagUeV","u83kAQaB2P4fCQlfgAiNkVbQI","vH81dBrqiAF 5r6MutkO9,W92ds4","EQzYLK9veRU4SmmB2Bpd","oq4hZGnJtPQ8cXEEKAnYTQ3","k9fJuxApb0M0dHM7I7","GUIYDfv5xCxLgDx6KQ8khY ntVVnFqmfMKIgT","K8UYwAQCCtk4Degu15XL,k8bMhh0TxagUeV","yw45wy2XyjPmY4XXHOcVYSvtU","ZNzg,SXxDld","TEJ LMkTnY5hp8aQckzyb","ayz3a18xDGrr3jtS","K8UYwAQCCtk4Degu15XL,k8bMhh0TxagUeV","s,fStDiv8ocWmhtn8irUQ5jRG","TEJ LMkTnY5hp8aQckzyb","EQzYLK9veRU4SmmB2Bpd","teJ6VTonlWRj7MCOuKRiL91KA","PTSEe31GjmUGy58DpRn","oq4hZGnJtPQ8cXEEKAnYTQ3","K8UYwAQCCtk4Degu15XL,k8bMhh0TxagUeV","K8UYwAQCCtk4Degu15XL,k8bMhh0TxagUeV","GUIYDfv5xCxLgDx6KQ8khY ntVVnFqmfMKIgT","TEJ LMkTnY5hp8aQckzyb","TEJ LMkTnY5hp8aQckzyb","pZozXtjFOMaeuFQcipB poTUuXfg5NkXaJ1","TEJ LMkTnY5hp8aQckzyb","PTSEe31GjmUGy58DpRn","Deyt7GUJ7tgaJIpw 6QQXYsgcILdCPnA","vH81dBrqiAF 5r6MutkO9,W92ds4","GUIYDfv5xCxLgDx6KQ8khY ntVVnFqmfMKIgT","K8UYwAQCCtk4Degu15XL,k8bMhh0TxagUeV","PTSEe31GjmUGy58DpRn","TEJ LMkTnY5hp8aQckzyb","PTSEe31GjmUGy58DpRn","IfLdo6 HT3WJXZtM89,Y2WuTg","PTSEe31GjmUGy58DpRn","s,fStDiv8ocWmhtn8irUQ5jRG","yw45wy2XyjPmY4XXHOcVYSvtU","VjUAAuMrI2Q2soEw4JH","QEJm8KMHQ8","s,fStDiv8ocWmhtn8irUQ5jRG","m9Fh4uXYiU8zm9 lnA0k9T","UlA6 OQoTXZwp3XiT xw05WrhMBuSW","TEJ LMkTnY5hp8aQckzyb","oq4hZGnJtPQ8cXEEKAnYTQ3","TEJ LMkTnY5hp8aQckzyb","w77P,JF6UdQQZ5f jHUG0I6yW8lleUAwy3ztsqr","TEJ LMkTnY5hp8aQckzyb","ZNzg,SXxDld","Itk4sjh7qNj,iGCZC","VjUAAuMrI2Q2soEw4JH","LYPxnxT4sPHdn6UYidVQM,IU8rN6uIKI 8Y4","GUIYDfv5xCxLgDx6KQ8khY ntVVnFqmfMKIgT","Uj0,Jr1GFzWA58rVzHPD6DayBIeDkmxXKg368","u83kAQaB2P4fCQlfgAiNkVbQI","6Al8Yob4roJY7BGMn","PTSEe31GjmUGy58DpRn","Deyt7GUJ7tgaJIpw 6QQXYsgcILdCPnA","vH81dBrqiAF 5r6MutkO9,W92ds4","TEJ LMkTnY5hp8aQckzyb","vH81dBrqiAF 5r6MutkO9,W92ds4","TEJ LMkTnY5hp8aQckzyb","y mQ7NHjVbdqnbYr9 L","Deyt7GUJ7tgaJIpw 6QQXYsgcILdCPnA","PTSEe31GjmUGy58DpRn","K8UYwAQCCtk4Degu15XL,k8bMhh0TxagUeV","TEJ LMkTnY5hp8aQckzyb","vH81dBrqiAF 5r6MutkO9,W92ds4","PTSEe31GjmUGy58DpRn","GUIYDfv5xCxLgDx6KQ8khY ntVVnFqmfMKIgT","TEJ LMkTnY5hp8aQckzyb","Deyt7GUJ7tgaJIpw 6QQXYsgcILdCPnA","yw45wy2XyjPmY4XXHOcVYSvtU","TEJ LMkTnY5hp8aQckzyb","VjUAAuMrI2Q2soEw4JH","TEJ LMkTnY5hp8aQckzyb","JxWOTAGllddwELu1Q8zUZi","yw45wy2XyjPmY4XXHOcVYSvtU","TEJ LMkTnY5hp8aQckzyb","X9nvgpdOUrup2","PTSEe31GjmUGy58DpRn","4OGPs qKpfQ6GNLIKhmbIE6e7fSMP8fmwi","Ct72ryCOQ8Rzi6FAj6Ppwe0 0","nvxebmGPXiA8AIy4SNNKvtra4K3uMeX9CcxZN","TEJ LMkTnY5hp8aQckzyb","TEJ LMkTnY5hp8aQckzyb","TEJ LMkTnY5hp8aQckzyb","TEJ LMkTnY5hp8aQckzyb","yw45wy2XyjPmY4XXHOcVYSvtU","PTSEe31GjmUGy58DpRn","K8UYwAQCCtk4Degu15XL,k8bMhh0TxagUeV","Deyt7GUJ7tgaJIpw 6QQXYsgcILdCPnA","s,fStDiv8ocWmhtn8irUQ5jRG","GUIYDfv5xCxLgDx6KQ8khY ntVVnFqmfMKIgT","TEJ LMkTnY5hp8aQckzyb","wZYIuP7GJUrykZfx4u3SnFSdLXwmkaJ1  Bu","yw45wy2XyjPmY4XXHOcVYSvtU","TEJ LMkTnY5hp8aQckzyb","oq4hZGnJtPQ8cXEEKAnYTQ3","hJ9yzgWlCtPBYJ6wKrPmkGnxz4qL","l95MNgloZRydRCSQdtd15vsOPo6CYM8","Deyt7GUJ7tgaJIpw 6QQXYsgcILdCPnA","TEJ LMkTnY5hp8aQckzyb","Ouq oNogB26Wtpcp1c1PYR2XzUmJiIYN","BfsNlaP5nMnj","8K7ZWVoFxRdnP22quW4NTCM","hJ9yzgWlCtPBYJ6wKrPmkGnxz4qL","Deyt7GUJ7tgaJIpw 6QQXYsgcILdCPnA","hJ9yzgWlCtPBYJ6wKrPmkGnxz4qL","VjUAAuMrI2Q2soEw4JH","GUIYDfv5xCxLgDx6KQ8khY ntVVnFqmfMKIgT","oq4hZGnJtPQ8cXEEKAnYTQ3","GUIYDfv5xCxLgDx6KQ8khY ntVVnFqmfMKIgT","u83kAQaB2P4fCQlfgAiNkVbQI","VjUAAuMrI2Q2soEw4JH","70kjY2HFEqUSh9PI4JPLUHoK 7TQ,nv","hx83kOzqN2OGJs5gEKCW4z","oq4hZGnJtPQ8cXEEKAnYTQ3","6Al8Yob4roJY7BGMn","yw45wy2XyjPmY4XXHOcVYSvtU","8K7ZWVoFxRdnP22quW4NTCM","pZozXtjFOMaeuFQcipB poTUuXfg5NkXaJ1","nvxebmGPXiA8AIy4SNNKvtra4K3uMeX9CcxZN","yw45wy2XyjPmY4XXHOcVYSvtU","K8UYwAQCCtk4Degu15XL,k8bMhh0TxagUeV","PTSEe31GjmUGy58DpRn","TEJ LMkTnY5hp8aQckzyb","Deyt7GUJ7tgaJIpw 6QQXYsgcILdCPnA","70kjY2HFEqUSh9PI4JPLUHoK 7TQ,nv","TEJ LMkTnY5hp8aQckzyb","PTSEe31GjmUGy58DpRn","y mQ7NHjVbdqnbYr9 L","Uj0,Jr1GFzWA58rVzHPD6DayBIeDkmxXKg368","TEJ LMkTnY5hp8aQckzyb","vH81dBrqiAF 5r6MutkO9,W92ds4","TEJ LMkTnY5hp8aQckzyb","wSLcCW40Q8","K4wgrSdZma4,GHmj","u83kAQaB2P4fCQlfgAiNkVbQI","GUIYDfv5xCxLgDx6KQ8khY ntVVnFqmfMKIgT","GUIYDfv5xCxLgDx6KQ8khY ntVVnFqmfMKIgT","TEJ LMkTnY5hp8aQckzyb","PTSEe31GjmUGy58DpRn","nvxebmGPXiA8AIy4SNNKvtra4K3uMeX9CcxZN","BfsNlaP5nMnj","TEJ LMkTnY5hp8aQckzyb","VjUAAuMrI2Q2soEw4JH","GUIYDfv5xCxLgDx6KQ8khY ntVVnFqmfMKIgT","vH81dBrqiAF 5r6MutkO9,W92ds4","nvxebmGPXiA8AIy4SNNKvtra4K3uMeX9CcxZN","TEJ LMkTnY5hp8aQckzyb","BfsNlaP5nMnj","GUIYDfv5xCxLgDx6KQ8khY ntVVnFqmfMKIgT","s,fStDiv8ocWmhtn8irUQ5jRG","K8UYwAQCCtk4Degu15XL,k8bMhh0TxagUeV","PTSEe31GjmUGy58DpRn","GUIYDfv5xCxLgDx6KQ8khY ntVVnFqmfMKIgT","Ct72ryCOQ8Rzi6FAj6Ppwe0 0","Deyt7GUJ7tgaJIpw 6QQXYsgcILdCPnA","hpQ5cur09gp4JfI3u4","GUIYDfv5xCxLgDx6KQ8khY ntVVnFqmfMKIgT","TEJ LMkTnY5hp8aQckzyb","TEJ LMkTnY5hp8aQckzyb","TEJ LMkTnY5hp8aQckzyb","TEJ LMkTnY5hp8aQckzyb","Deyt7GUJ7tgaJIpw 6QQXYsgcILdCPnA","Deyt7GUJ7tgaJIpw 6QQXYsgcILdCPnA","Deyt7GUJ7tgaJIpw 6QQXYsgcILdCPnA","6Al8Yob4roJY7BGMn","mLPJtpu4wOc cSFzBR","PTSEe31GjmUGy58DpRn","TEJ LMkTnY5hp8aQckzyb","PTSEe31GjmUGy58DpRn","vH81dBrqiAF 5r6MutkO9,W92ds4","yw45wy2XyjPmY4XXHOcVYSvtU","GUIYDfv5xCxLgDx6KQ8khY ntVVnFqmfMKIgT","Deyt7GUJ7tgaJIpw 6QQXYsgcILdCPnA","GUIYDfv5xCxLgDx6KQ8khY ntVVnFqmfMKIgT","Deyt7GUJ7tgaJIpw 6QQXYsgcILdCPnA","IfLdo6 HT3WJXZtM89,Y2WuTg","GUIYDfv5xCxLgDx6KQ8khY ntVVnFqmfMKIgT","ZNzg,SXxDld","QEJm8KMHQ8","PTSEe31GjmUGy58DpRn","TEJ LMkTnY5hp8aQckzyb","TEJ LMkTnY5hp8aQckzyb","TEJ LMkTnY5hp8aQckzyb","Ct72ryCOQ8Rzi6FAj6Ppwe0 0","Deyt7GUJ7tgaJIpw 6QQXYsgcILdCPnA","TEJ LMkTnY5hp8aQckzyb","EQzYLK9veRU4SmmB2Bpd","JHRSOterYgt4MTNo7cupTzA,6MoNw 4","TEJ LMkTnY5hp8aQckzyb","TEJ LMkTnY5hp8aQckzyb","oq4hZGnJtPQ8cXEEKAnYTQ3","VjUAAuMrI2Q2soEw4JH","GUIYDfv5xCxLgDx6KQ8khY ntVVnFqmfMKIgT","GUIYDfv5xCxLgDx6KQ8khY ntVVnFqmfMKIgT","K8UYwAQCCtk4Degu15XL,k8bMhh0TxagUeV","TEJ LMkTnY5hp8aQckzyb","Itk4sjh7qNj,iGCZC","TEJ LMkTnY5hp8aQckzyb","y mQ7NHjVbdqnbYr9 L","Uj0,Jr1GFzWA58rVzHPD6DayBIeDkmxXKg368","uwd1tPxa2ESNRqSxZE","RrgDmlL0PAnDkNY5NR7F","VjUAAuMrI2Q2soEw4JH","TEJ LMkTnY5hp8aQckzyb","GUIYDfv5xCxLgDx6KQ8khY ntVVnFqmfMKIgT","Itk4sjh7qNj,iGCZC","GUIYDfv5xCxLgDx6KQ8khY ntVVnFqmfMKIgT","TEJ LMkTnY5hp8aQckzyb","X9nvgpdOUrup2","oq4hZGnJtPQ8cXEEKAnYTQ3","k9fJuxApb0M0dHM7I7","u2T3JMNhMWNvJS91ruj90Vaqp8","VjUAAuMrI2Q2soEw4JH","TEJ LMkTnY5hp8aQckzyb","CPnv9f1UDd7BOlIAoww","mWo,q59bGX","Uj0,Jr1GFzWA58rVzHPD6DayBIeDkmxXKg368","6Al8Yob4roJY7BGMn","K4wgrSdZma4,GHmj","TEJ LMkTnY5hp8aQckzyb","TEJ LMkTnY5hp8aQckzyb","yw45wy2XyjPmY4XXHOcVYSvtU","VjUAAuMrI2Q2soEw4JH","PTSEe31GjmUGy58DpRn","TEJ LMkTnY5hp8aQckzyb","pZozXtjFOMaeuFQcipB poTUuXfg5NkXaJ1","Deyt7GUJ7tgaJIpw 6QQXYsgcILdCPnA","TEJ LMkTnY5hp8aQckzyb","EQzYLK9veRU4SmmB2Bpd","GUIYDfv5xCxLgDx6KQ8khY ntVVnFqmfMKIgT","yB TIR84kzFDMaF64ILO9MhaW","nvxebmGPXiA8AIy4SNNKvtra4K3uMeX9CcxZN","TEJ LMkTnY5hp8aQckzyb","ZNzg,SXxDld","pZozXtjFOMaeuFQcipB poTUuXfg5NkXaJ1","vH81dBrqiAF 5r6MutkO9,W92ds4","s,fStDiv8ocWmhtn8irUQ5jRG","TEJ LMkTnY5hp8aQckzyb","TEJ LMkTnY5hp8aQckzyb","TEJ LMkTnY5hp8aQckzyb","TEJ LMkTnY5hp8aQckzyb","iBjR27aHk3oZkoJ5ObHRgmkedTuv1GpsBNkTjFdP","TEJ LMkTnY5hp8aQckzyb","TEJ LMkTnY5hp8aQckzyb","PTSEe31GjmUGy58DpRn","xISYluAkMFl4,kZFBbZTNnophaKdfweIr","70kjY2HFEqUSh9PI4JPLUHoK 7TQ,nv","vH81dBrqiAF 5r6MutkO9,W92ds4","TEJ LMkTnY5hp8aQckzyb","mWo,q59bGX","Ct72ryCOQ8Rzi6FAj6Ppwe0 0","JxWOTAGllddwELu1Q8zUZi","TEJ LMkTnY5hp8aQckzyb","vXDWBL0AYSnOG2c1UZXkUzMCqF7b830I7wnxeY6","K8UYwAQCCtk4Degu15XL,k8bMhh0TxagUeV","GUIYDfv5xCxLgDx6KQ8khY ntVVnFqmfMKIgT","VjUAAuMrI2Q2soEw4JH","35WVnU7GLNbQDcc2TARavGtk6RB6ZCd46UAY","8K7ZWVoFxRdnP22quW4NTCM","pZozXtjFOMaeuFQcipB poTUuXfg5NkXaJ1","XH5rERovR8nySHtg6zHMIU,PEfJbUsqwrQH8G","PTSEe31GjmUGy58DpRn","TEJ LMkTnY5hp8aQckzyb","PTSEe31GjmUGy58DpRn","hxxNZvWF06emG9qbHomzy","8K7ZWVoFxRdnP22quW4NTCM","8zoRcyCNDtQhJ43BWbldOmhLRIuYtZTZdXIG5","TEJ LMkTnY5hp8aQckzyb","nvxebmGPXiA8AIy4SNNKvtra4K3uMeX9CcxZN","hx83kOzqN2OGJs5gEKCW4z","oq4hZGnJtPQ8cXEEKAnYTQ3","PTSEe31GjmUGy58DpRn","PTSEe31GjmUGy58DpRn","VjUAAuMrI2Q2soEw4JH","xISYluAkMFl4,kZFBbZTNnophaKdfweIr","CPnv9f1UDd7BOlIAoww","Uj0,Jr1GFzWA58rVzHPD6DayBIeDkmxXKg368","vH81dBrqiAF 5r6MutkO9,W92ds4","TEJ LMkTnY5hp8aQckzyb","RrgDmlL0PAnDkNY5NR7F","Deyt7GUJ7tgaJIpw 6QQXYsgcILdCPnA","GUIYDfv5xCxLgDx6KQ8khY ntVVnFqmfMKIgT","TEJ LMkTnY5hp8aQckzyb","TEJ LMkTnY5hp8aQckzyb","GUIYDfv5xCxLgDx6KQ8khY ntVVnFqmfMKIgT","TEJ LMkTnY5hp8aQckzyb","EQzYLK9veRU4SmmB2Bpd","EQzYLK9veRU4SmmB2Bpd","GUIYDfv5xCxLgDx6KQ8khY ntVVnFqmfMKIgT","JHRSOterYgt4MTNo7cupTzA,6MoNw 4","Deyt7GUJ7tgaJIpw 6QQXYsgcILdCPnA","TEJ LMkTnY5hp8aQckzyb","GUIYDfv5xCxLgDx6KQ8khY ntVVnFqmfMKIgT","TEJ LMkTnY5hp8aQckzyb","K4wgrSdZma4,GHmj","TEJ LMkTnY5hp8aQckzyb","K8UYwAQCCtk4Degu15XL,k8bMhh0TxagUeV","TEJ LMkTnY5hp8aQckzyb","vH81dBrqiAF 5r6MutkO9,W92ds4","8K7ZWVoFxRdnP22quW4NTCM","PTSEe31GjmUGy58DpRn","H1QHEFyhpWL0DdFRju6w4fL140K5yDaXVfgr","Ct72ryCOQ8Rzi6FAj6Ppwe0 0","BfsNlaP5nMnj","Uj0,Jr1GFzWA58rVzHPD6DayBIeDkmxXKg368","uwd1tPxa2ESNRqSxZE","EQzYLK9veRU4SmmB2Bpd","Deyt7GUJ7tgaJIpw 6QQXYsgcILdCPnA","y mQ7NHjVbdqnbYr9 L","PTSEe31GjmUGy58DpRn","yw45wy2XyjPmY4XXHOcVYSvtU","GUIYDfv5xCxLgDx6KQ8khY ntVVnFqmfMKIgT","JxWOTAGllddwELu1Q8zUZi","78jpeO3SIlDN6","K8UYwAQCCtk4Degu15XL,k8bMhh0TxagUeV","oq4hZGnJtPQ8cXEEKAnYTQ3","VjUAAuMrI2Q2soEw4JH","oq4hZGnJtPQ8cXEEKAnYTQ3","mLPJtpu4wOc cSFzBR","K8UYwAQCCtk4Degu15XL,k8bMhh0TxagUeV","TEJ LMkTnY5hp8aQckzyb","vH81dBrqiAF 5r6MutkO9,W92ds4","TEJ LMkTnY5hp8aQckzyb","vH81dBrqiAF 5r6MutkO9,W92ds4","K4wgrSdZma4,GHmj","vH81dBrqiAF 5r6MutkO9,W92ds4","TEJ LMkTnY5hp8aQckzyb","BfsNlaP5nMnj","hpQ5cur09gp4JfI3u4","VjUAAuMrI2Q2soEw4JH","K8UYwAQCCtk4Degu15XL,k8bMhh0TxagUeV","nvxebmGPXiA8AIy4SNNKvtra4K3uMeX9CcxZN","K4wgrSdZma4,GHmj","GUIYDfv5xCxLgDx6KQ8khY ntVVnFqmfMKIgT","VjUAAuMrI2Q2soEw4JH","BfsNlaP5nMnj","y mQ7NHjVbdqnbYr9 L","k9fJuxApb0M0dHM7I7","GUIYDfv5xCxLgDx6KQ8khY ntVVnFqmfMKIgT","TEJ LMkTnY5hp8aQckzyb","VjUAAuMrI2Q2soEw4JH","PTSEe31GjmUGy58DpRn","BfsNlaP5nMnj","m9Fh4uXYiU8zm9 lnA0k9T","oq4hZGnJtPQ8cXEEKAnYTQ3","y mQ7NHjVbdqnbYr9 L","GUIYDfv5xCxLgDx6KQ8khY ntVVnFqmfMKIgT","mLPJtpu4wOc cSFzBR","Deyt7GUJ7tgaJIpw 6QQXYsgcILdCPnA","GUIYDfv5xCxLgDx6KQ8khY ntVVnFqmfMKIgT","JHRSOterYgt4MTNo7cupTzA,6MoNw 4","Uj0,Jr1GFzWA58rVzHPD6DayBIeDkmxXKg368","ZNzg,SXxDld","Uj0,Jr1GFzWA58rVzHPD6DayBIeDkmxXKg368","TEJ LMkTnY5hp8aQckzyb","pZozXtjFOMaeuFQcipB poTUuXfg5NkXaJ1","TEJ LMkTnY5hp8aQckzyb","GUIYDfv5xCxLgDx6KQ8khY ntVVnFqmfMKIgT","K8UYwAQCCtk4Degu15XL,k8bMhh0TxagUeV","TEJ LMkTnY5hp8aQckzyb","70kjY2HFEqUSh9PI4JPLUHoK 7TQ,nv","K8UYwAQCCtk4Degu15XL,k8bMhh0TxagUeV","X9nvgpdOUrup2","PTSEe31GjmUGy58DpRn","ZNzg,SXxDld","TEJ LMkTnY5hp8aQckzyb","hx83kOzqN2OGJs5gEKCW4z","TEJ LMkTnY5hp8aQckzyb","s,fStDiv8ocWmhtn8irUQ5jRG","PTSEe31GjmUGy58DpRn","TEJ LMkTnY5hp8aQckzyb","GUIYDfv5xCxLgDx6KQ8khY ntVVnFqmfMKIgT","PTSEe31GjmUGy58DpRn","PTSEe31GjmUGy58DpRn","TEJ LMkTnY5hp8aQckzyb","TEJ LMkTnY5hp8aQckzyb","TEJ LMkTnY5hp8aQckzyb","TEJ LMkTnY5hp8aQckzyb","PTSEe31GjmUGy58DpRn","TEJ LMkTnY5hp8aQckzyb","oq4hZGnJtPQ8cXEEKAnYTQ3","VjUAAuMrI2Q2soEw4JH","TEJ LMkTnY5hp8aQckzyb","hx83kOzqN2OGJs5gEKCW4z","PTSEe31GjmUGy58DpRn","PTSEe31GjmUGy58DpRn","s,fStDiv8ocWmhtn8irUQ5jRG","Deyt7GUJ7tgaJIpw 6QQXYsgcILdCPnA","oq4hZGnJtPQ8cXEEKAnYTQ3","PTSEe31GjmUGy58DpRn","w77P,JF6UdQQZ5f jHUG0I6yW8lleUAwy3ztsqr","TEJ LMkTnY5hp8aQckzyb","GrOjezmDCNvHXl5","Deyt7GUJ7tgaJIpw 6QQXYsgcILdCPnA","s,fStDiv8ocWmhtn8irUQ5jRG","y mQ7NHjVbdqnbYr9 L","VjUAAuMrI2Q2soEw4JH","GUIYDfv5xCxLgDx6KQ8khY ntVVnFqmfMKIgT","TEJ LMkTnY5hp8aQckzyb","GUIYDfv5xCxLgDx6KQ8khY ntVVnFqmfMKIgT","K8UYwAQCCtk4Degu15XL,k8bMhh0TxagUeV","Uj0,Jr1GFzWA58rVzHPD6DayBIeDkmxXKg368","GUIYDfv5xCxLgDx6KQ8khY ntVVnFqmfMKIgT","TEJ LMkTnY5hp8aQckzyb","H1QHEFyhpWL0DdFRju6w4fL140K5yDaXVfgr","s,fStDiv8ocWmhtn8irUQ5jRG","vH81dBrqiAF 5r6MutkO9,W92ds4","TEJ LMkTnY5hp8aQckzyb","yw45wy2XyjPmY4XXHOcVYSvtU","PTSEe31GjmUGy58DpRn","oq4hZGnJtPQ8cXEEKAnYTQ3","K8UYwAQCCtk4Degu15XL,k8bMhh0TxagUeV","TEJ LMkTnY5hp8aQckzyb","PTSEe31GjmUGy58DpRn","m9Fh4uXYiU8zm9 lnA0k9T","VjUAAuMrI2Q2soEw4JH","TEJ LMkTnY5hp8aQckzyb","C68XNAn3PbNdAwisG6dFEsVkn96V0Qgi","nvxebmGPXiA8AIy4SNNKvtra4K3uMeX9CcxZN","s,fStDiv8ocWmhtn8irUQ5jRG","oq4hZGnJtPQ8cXEEKAnYTQ3","TEJ LMkTnY5hp8aQckzyb","TEJ LMkTnY5hp8aQckzyb","hx83kOzqN2OGJs5gEKCW4z","TEJ LMkTnY5hp8aQckzyb","Itk4sjh7qNj,iGCZC","pZozXtjFOMaeuFQcipB poTUuXfg5NkXaJ1","Deyt7GUJ7tgaJIpw 6QQXYsgcILdCPnA","TEJ LMkTnY5hp8aQckzyb","nvxebmGPXiA8AIy4SNNKvtra4K3uMeX9CcxZN","yw45wy2XyjPmY4XXHOcVYSvtU","yw45wy2XyjPmY4XXHOcVYSvtU","ZX3Q66f2xoYyaibkoxffLeV6Qwf","K8UYwAQCCtk4Degu15XL,k8bMhh0TxagUeV","Deyt7GUJ7tgaJIpw 6QQXYsgcILdCPnA","vH81dBrqiAF 5r6MutkO9,W92ds4","GUIYDfv5xCxLgDx6KQ8khY ntVVnFqmfMKIgT","TEJ LMkTnY5hp8aQckzyb","X9nvgpdOUrup2","K8UYwAQCCtk4Degu15XL,k8bMhh0TxagUeV","Uj0,Jr1GFzWA58rVzHPD6DayBIeDkmxXKg368","TEJ LMkTnY5hp8aQckzyb","Deyt7GUJ7tgaJIpw 6QQXYsgcILdCPnA","s,fStDiv8ocWmhtn8irUQ5jRG","PTSEe31GjmUGy58DpRn","TEJ LMkTnY5hp8aQckzyb","UlA6 OQoTXZwp3XiT xw05WrhMBuSW","ZNzg,SXxDld","u83kAQaB2P4fCQlfgAiNkVbQI","PTSEe31GjmUGy58DpRn","k9fJuxApb0M0dHM7I7","6oKeHpFxWioQ55ewe4,qaLZJC","TEJ LMkTnY5hp8aQckzyb","Deyt7GUJ7tgaJIpw 6QQXYsgcILdCPnA","PTSEe31GjmUGy58DpRn","70kjY2HFEqUSh9PI4JPLUHoK 7TQ,nv","JHRSOterYgt4MTNo7cupTzA,6MoNw 4","VjUAAuMrI2Q2soEw4JH","TEJ LMkTnY5hp8aQckzyb","uQ3V,Hvi5DmM2X","70kjY2HFEqUSh9PI4JPLUHoK 7TQ,nv","GUIYDfv5xCxLgDx6KQ8khY ntVVnFqmfMKIgT","GUIYDfv5xCxLgDx6KQ8khY ntVVnFqmfMKIgT","PTSEe31GjmUGy58DpRn","GUIYDfv5xCxLgDx6KQ8khY ntVVnFqmfMKIgT","VjUAAuMrI2Q2soEw4JH","PTSEe31GjmUGy58DpRn","4OGPs qKpfQ6GNLIKhmbIE6e7fSMP8fmwi","TEJ LMkTnY5hp8aQckzyb","nvxebmGPXiA8AIy4SNNKvtra4K3uMeX9CcxZN","Deyt7GUJ7tgaJIpw 6QQXYsgcILdCPnA","Ct72ryCOQ8Rzi6FAj6Ppwe0 0","nvxebmGPXiA8AIy4SNNKvtra4K3uMeX9CcxZN","70kjY2HFEqUSh9PI4JPLUHoK 7TQ,nv","VjUAAuMrI2Q2soEw4JH","VjUAAuMrI2Q2soEw4JH","m9Fh4uXYiU8zm9 lnA0k9T","VjUAAuMrI2Q2soEw4JH","6oKeHpFxWioQ55ewe4,qaLZJC","hpQ5cur09gp4JfI3u4","vH81dBrqiAF 5r6MutkO9,W92ds4","GUIYDfv5xCxLgDx6KQ8khY ntVVnFqmfMKIgT","Deyt7GUJ7tgaJIpw 6QQXYsgcILdCPnA","vH81dBrqiAF 5r6MutkO9,W92ds4","TEJ LMkTnY5hp8aQckzyb","TEJ LMkTnY5hp8aQckzyb","K8UYwAQCCtk4Degu15XL,k8bMhh0TxagUeV","PTSEe31GjmUGy58DpRn","PTSEe31GjmUGy58DpRn","y mQ7NHjVbdqnbYr9 L","PTSEe31GjmUGy58DpRn","Itk4sjh7qNj,iGCZC","PTSEe31GjmUGy58DpRn","vH81dBrqiAF 5r6MutkO9,W92ds4","vH81dBrqiAF 5r6MutkO9,W92ds4","PTSEe31GjmUGy58DpRn","TEJ LMkTnY5hp8aQckzyb","PTSEe31GjmUGy58DpRn","vH81dBrqiAF 5r6MutkO9,W92ds4","w77P,JF6UdQQZ5f jHUG0I6yW8lleUAwy3ztsqr","pZozXtjFOMaeuFQcipB poTUuXfg5NkXaJ1","TEJ LMkTnY5hp8aQckzyb","TEJ LMkTnY5hp8aQckzyb","Deyt7GUJ7tgaJIpw 6QQXYsgcILdCPnA","vH81dBrqiAF 5r6MutkO9,W92ds4","k9fJuxApb0M0dHM7I7","UlA6 OQoTXZwp3XiT xw05WrhMBuSW","BfsNlaP5nMnj","K4wgrSdZma4,GHmj","vH81dBrqiAF 5r6MutkO9,W92ds4","TEJ LMkTnY5hp8aQckzyb","TEJ LMkTnY5hp8aQckzyb","GUIYDfv5xCxLgDx6KQ8khY ntVVnFqmfMKIgT","TEJ LMkTnY5hp8aQckzyb","ZX3Q66f2xoYyaibkoxffLeV6Qwf","TEJ LMkTnY5hp8aQckzyb","ZNzg,SXxDld","oq4hZGnJtPQ8cXEEKAnYTQ3","GUIYDfv5xCxLgDx6KQ8khY ntVVnFqmfMKIgT","TEJ LMkTnY5hp8aQckzyb","TEJ LMkTnY5hp8aQckzyb","VjUAAuMrI2Q2soEw4JH","k9fJuxApb0M0dHM7I7","VjUAAuMrI2Q2soEw4JH","K8UYwAQCCtk4Degu15XL,k8bMhh0TxagUeV","JxWOTAGllddwELu1Q8zUZi","TEJ LMkTnY5hp8aQckzyb","TEJ LMkTnY5hp8aQckzyb","GUIYDfv5xCxLgDx6KQ8khY ntVVnFqmfMKIgT","TEJ LMkTnY5hp8aQckzyb","ZX3Q66f2xoYyaibkoxffLeV6Qwf","yw45wy2XyjPmY4XXHOcVYSvtU","TEJ LMkTnY5hp8aQckzyb","hx83kOzqN2OGJs5gEKCW4z","VjUAAuMrI2Q2soEw4JH","hJ9yzgWlCtPBYJ6wKrPmkGnxz4qL","K8UYwAQCCtk4Degu15XL,k8bMhh0TxagUeV","TEJ LMkTnY5hp8aQckzyb","PTSEe31GjmUGy58DpRn","Deyt7GUJ7tgaJIpw 6QQXYsgcILdCPnA","PTSEe31GjmUGy58DpRn","GUIYDfv5xCxLgDx6KQ8khY ntVVnFqmfMKIgT","JHRSOterYgt4MTNo7cupTzA,6MoNw 4","TEJ LMkTnY5hp8aQckzyb","TQaXjlMc3uL2Meq41aMrqVtY9hmlVHOEdXaQ","K8UYwAQCCtk4Degu15XL,k8bMhh0TxagUeV","yw45wy2XyjPmY4XXHOcVYSvtU","TEJ LMkTnY5hp8aQckzyb","TEJ LMkTnY5hp8aQckzyb","PTSEe31GjmUGy58DpRn","TEJ LMkTnY5hp8aQckzyb","k9fJuxApb0M0dHM7I7","TEJ LMkTnY5hp8aQckzyb","ayz3a18xDGrr3jtS","K8UYwAQCCtk4Degu15XL,k8bMhh0TxagUeV","GUIYDfv5xCxLgDx6KQ8khY ntVVnFqmfMKIgT","ZX3Q66f2xoYyaibkoxffLeV6Qwf","PTSEe31GjmUGy58DpRn","PTSEe31GjmUGy58DpRn","TEJ LMkTnY5hp8aQckzyb","TEJ LMkTnY5hp8aQckzyb","w77P,JF6UdQQZ5f jHUG0I6yW8lleUAwy3ztsqr","ZX3Q66f2xoYyaibkoxffLeV6Qwf","iBjR27aHk3oZkoJ5ObHRgmkedTuv1GpsBNkTjFdP","s,fStDiv8ocWmhtn8irUQ5jRG","yw45wy2XyjPmY4XXHOcVYSvtU","Deyt7GUJ7tgaJIpw 6QQXYsgcILdCPnA","VjUAAuMrI2Q2soEw4JH","K8UYwAQCCtk4Degu15XL,k8bMhh0TxagUeV","GUIYDfv5xCxLgDx6KQ8khY ntVVnFqmfMKIgT","VjUAAuMrI2Q2soEw4JH","oq4hZGnJtPQ8cXEEKAnYTQ3","pZozXtjFOMaeuFQcipB poTUuXfg5NkXaJ1","PTSEe31GjmUGy58DpRn","VjUAAuMrI2Q2soEw4JH","TEJ LMkTnY5hp8aQckzyb","TEJ LMkTnY5hp8aQckzyb","nvxebmGPXiA8AIy4SNNKvtra4K3uMeX9CcxZN","m9Fh4uXYiU8zm9 lnA0k9T","TEJ LMkTnY5hp8aQckzyb","PTSEe31GjmUGy58DpRn","VjUAAuMrI2Q2soEw4JH","Uj0,Jr1GFzWA58rVzHPD6DayBIeDkmxXKg368","6Al8Yob4roJY7BGMn","4cPWnRye6tBexleSY19QRBvzmb","pZozXtjFOMaeuFQcipB poTUuXfg5NkXaJ1","VjUAAuMrI2Q2soEw4JH","PTSEe31GjmUGy58DpRn","vH81dBrqiAF 5r6MutkO9,W92ds4","TEJ LMkTnY5hp8aQckzyb","TEJ LMkTnY5hp8aQckzyb","GUIYDfv5xCxLgDx6KQ8khY ntVVnFqmfMKIgT","VjUAAuMrI2Q2soEw4JH","GUIYDfv5xCxLgDx6KQ8khY ntVVnFqmfMKIgT","GUIYDfv5xCxLgDx6KQ8khY ntVVnFqmfMKIgT","GUIYDfv5xCxLgDx6KQ8khY ntVVnFqmfMKIgT","GUIYDfv5xCxLgDx6KQ8khY ntVVnFqmfMKIgT","vH81dBrqiAF 5r6MutkO9,W92ds4","F7PnOijaTN","ayz3a18xDGrr3jtS","TEJ LMkTnY5hp8aQckzyb","0qYQbBhUg7n YLAvxoTss","PTSEe31GjmUGy58DpRn","pZozXtjFOMaeuFQcipB poTUuXfg5NkXaJ1","Uj0,Jr1GFzWA58rVzHPD6DayBIeDkmxXKg368","oq4hZGnJtPQ8cXEEKAnYTQ3","TEJ LMkTnY5hp8aQckzyb","TEJ LMkTnY5hp8aQckzyb","TEJ LMkTnY5hp8aQckzyb","PTSEe31GjmUGy58DpRn","70kjY2HFEqUSh9PI4JPLUHoK 7TQ,nv","xISYluAkMFl4,kZFBbZTNnophaKdfweIr","GUIYDfv5xCxLgDx6KQ8khY ntVVnFqmfMKIgT","VjUAAuMrI2Q2soEw4JH","8K7ZWVoFxRdnP22quW4NTCM","PTSEe31GjmUGy58DpRn","PTSEe31GjmUGy58DpRn","4OGPs qKpfQ6GNLIKhmbIE6e7fSMP8fmwi","TEJ LMkTnY5hp8aQckzyb","TEJ LMkTnY5hp8aQckzyb","TEJ LMkTnY5hp8aQckzyb","TEJ LMkTnY5hp8aQckzyb","K8UYwAQCCtk4Degu15XL,k8bMhh0TxagUeV","TEJ LMkTnY5hp8aQckzyb","TEJ LMkTnY5hp8aQckzyb","PTSEe31GjmUGy58DpRn","PTSEe31GjmUGy58DpRn","TEJ LMkTnY5hp8aQckzyb","TEJ LMkTnY5hp8aQckzyb","PTSEe31GjmUGy58DpRn","BfsNlaP5nMnj","TEJ LMkTnY5hp8aQckzyb","Deyt7GUJ7tgaJIpw 6QQXYsgcILdCPnA","pZozXtjFOMaeuFQcipB poTUuXfg5NkXaJ1","PTSEe31GjmUGy58DpRn","TEJ LMkTnY5hp8aQckzyb","TEJ LMkTnY5hp8aQckzyb","k9fJuxApb0M0dHM7I7","7xNXAr6oRZpt0O","oq4hZGnJtPQ8cXEEKAnYTQ3","GUIYDfv5xCxLgDx6KQ8khY ntVVnFqmfMKIgT","Uj0,Jr1GFzWA58rVzHPD6DayBIeDkmxXKg368","Uj0,Jr1GFzWA58rVzHPD6DayBIeDkmxXKg368","VjUAAuMrI2Q2soEw4JH","TEJ LMkTnY5hp8aQckzyb","TEJ LMkTnY5hp8aQckzyb","iBjR27aHk3oZkoJ5ObHRgmkedTuv1GpsBNkTjFdP","k9fJuxApb0M0dHM7I7","PTSEe31GjmUGy58DpRn","vH81dBrqiAF 5r6MutkO9,W92ds4","K8UYwAQCCtk4Degu15XL,k8bMhh0TxagUeV","Uj0,Jr1GFzWA58rVzHPD6DayBIeDkmxXKg368","TEJ LMkTnY5hp8aQckzyb","GUIYDfv5xCxLgDx6KQ8khY ntVVnFqmfMKIgT","y mQ7NHjVbdqnbYr9 L","Deyt7GUJ7tgaJIpw 6QQXYsgcILdCPnA","K8UYwAQCCtk4Degu15XL,k8bMhh0TxagUeV","TEJ LMkTnY5hp8aQckzyb","C8b,8wf456hH4ts2y7","PTSEe31GjmUGy58DpRn","TEJ LMkTnY5hp8aQckzyb","hpQ5cur09gp4JfI3u4","GUIYDfv5xCxLgDx6KQ8khY ntVVnFqmfMKIgT","Uj0,Jr1GFzWA58rVzHPD6DayBIeDkmxXKg368","TEJ LMkTnY5hp8aQckzyb","TEJ LMkTnY5hp8aQckzyb","6Al8Yob4roJY7BGMn","VjUAAuMrI2Q2soEw4JH","K8UYwAQCCtk4Degu15XL,k8bMhh0TxagUeV","hpQ5cur09gp4JfI3u4","pZozXtjFOMaeuFQcipB poTUuXfg5NkXaJ1","GUIYDfv5xCxLgDx6KQ8khY ntVVnFqmfMKIgT","70kjY2HFEqUSh9PI4JPLUHoK 7TQ,nv","PTSEe31GjmUGy58DpRn","vH81dBrqiAF 5r6MutkO9,W92ds4","Uj0,Jr1GFzWA58rVzHPD6DayBIeDkmxXKg368","vH81dBrqiAF 5r6MutkO9,W92ds4","TEJ LMkTnY5hp8aQckzyb","TEJ LMkTnY5hp8aQckzyb","K8UYwAQCCtk4Degu15XL,k8bMhh0TxagUeV","GUIYDfv5xCxLgDx6KQ8khY ntVVnFqmfMKIgT","TEJ LMkTnY5hp8aQckzyb","TEJ LMkTnY5hp8aQckzyb","VjUAAuMrI2Q2soEw4JH","TEJ LMkTnY5hp8aQckzyb","VjUAAuMrI2Q2soEw4JH","PTSEe31GjmUGy58DpRn","TEJ LMkTnY5hp8aQckzyb","TEJ LMkTnY5hp8aQckzyb","TEJ LMkTnY5hp8aQckzyb","TEJ LMkTnY5hp8aQckzyb","TEJ LMkTnY5hp8aQckzyb","PTSEe31GjmUGy58DpRn","PTSEe31GjmUGy58DpRn","PTSEe31GjmUGy58DpRn","TEJ LMkTnY5hp8aQckzyb","PTSEe31GjmUGy58DpRn","PTSEe31GjmUGy58DpRn","PTSEe31GjmUGy58DpRn","PTSEe31GjmUGy58DpRn","Deyt7GUJ7tgaJIpw 6QQXYsgcILdCPnA","y mQ7NHjVbdqnbYr9 L","GUIYDfv5xCxLgDx6KQ8khY ntVVnFqmfMKIgT","TEJ LMkTnY5hp8aQckzyb","TEJ LMkTnY5hp8aQckzyb","TEJ LMkTnY5hp8aQckzyb","u83kAQaB2P4fCQlfgAiNkVbQI","K4wgrSdZma4,GHmj","TEJ LMkTnY5hp8aQckzyb","GUIYDfv5xCxLgDx6KQ8khY ntVVnFqmfMKIgT","TEJ LMkTnY5hp8aQckzyb","pZozXtjFOMaeuFQcipB poTUuXfg5NkXaJ1","CPnv9f1UDd7BOlIAoww","vH81dBrqiAF 5r6MutkO9,W92ds4","uwd1tPxa2ESNRqSxZE","PTSEe31GjmUGy58DpRn","TEJ LMkTnY5hp8aQckzyb","70kjY2HFEqUSh9PI4JPLUHoK 7TQ,nv","oq4hZGnJtPQ8cXEEKAnYTQ3","vH81dBrqiAF 5r6MutkO9,W92ds4","u83kAQaB2P4fCQlfgAiNkVbQI","K8UYwAQCCtk4Degu15XL,k8bMhh0TxagUeV","Deyt7GUJ7tgaJIpw 6QQXYsgcILdCPnA","Deyt7GUJ7tgaJIpw 6QQXYsgcILdCPnA","vH81dBrqiAF 5r6MutkO9,W92ds4","PTSEe31GjmUGy58DpRn","kp1qZejw zwaou78HKrV4 L8clKe9geoMYCxm","ZX3Q66f2xoYyaibkoxffLeV6Qwf","TEJ LMkTnY5hp8aQckzyb","TEJ LMkTnY5hp8aQckzyb","PTSEe31GjmUGy58DpRn","VjUAAuMrI2Q2soEw4JH"]}]