s_name,numwait
Supplier#000000188,10
Supplier#000000825,10
Supplier#000000399,9
Supplier#000000496,9
Supplier#000000445,8
Supplier#000000709,8
Supplier#000000357,7
Supplier#000000648,7
Supplier#000000718,7
Supplier#000000762,7
Supplier#000000074,6
Supplier#000000262,6
Supplier#000000380,6
Supplier#000000415,6
Supplier#000000486,6
Supplier#000000610,6
Supplier#000000659,6
Supplier#000000670,6
Supplier#000000821,6
Supplier#000000889,6
Supplier#000000918,6
Supplier#000000929,6
Supplier#000000144,5
Supplier#000000460,5
Supplier#000000472,5
Supplier#000000602,5
Supplier#000000633,5
Supplier#000000669,5
Supplier#000000708,5
Supplier#000000778,5
Supplier#000000977,5
Supplier#000000578,4
Supplier#000000673,4
Supplier#000000811,4
Supplier#000000846,4
Supplier#000000379,3
Supplier#000000500,3
Supplier#000000565,3
Supplier#000000114,2
Supplier#000000167,2
Supplier#000000427,2
Supplier#000000503,2
Supplier#000000660,2
Supplier#000000788,2
Supplier#000000436,1
Supplier#000000687,1
Supplier#000000920,1
