s_name,numwait
Supplier#000000825,12
Supplier#000000399,11
Supplier#000000357,9
Supplier#000000445,9
Supplier#000000472,9
Supplier#000000496,9
Supplier#000000709,9
Supplier#000000762,8
Supplier#000000778,8
Supplier#000000262,7
Supplier#000000659,7
Supplier#000000708,7
Supplier#000000144,6
Supplier#000000415,6
Supplier#000000633,6
Supplier#000000673,6
Supplier#000000889,6
Supplier#000000929,6
Supplier#000000167,5
Supplier#000000188,5
Supplier#000000669,5
Supplier#000000718,5
Supplier#000000821,5
Supplier#000000977,5
Supplier#000000380,4
Supplier#000000486,4
Supplier#000000602,4
Supplier#000000648,4
Supplier#000000687,4
Supplier#000000846,4
Supplier#000000918,4
Supplier#000000074,3
Supplier#000000379,3
Supplier#000000427,3
Supplier#000000436,3
Supplier#000000460,3
Supplier#000000565,3
Supplier#000000610,3
Supplier#000000114,2
Supplier#000000500,2
Supplier#000000503,2
Supplier#000000578,2
Supplier#000000660,2
Supplier#000000670,2
Supplier#000000788,2
Supplier#000000811,2
Supplier#000000920,2
