s_name,numwait
Supplier#000000357,10
Supplier#000000762,10
Supplier#000000399,9
Supplier#000000889,9
Supplier#000000144,8
Supplier#000000380,8
Supplier#000000415,8
Supplier#000000445,8
Supplier#000000778,7
Supplier#000000825,7
Supplier#000000074,6
Supplier#000000503,6
Supplier#000000602,6
Supplier#000000659,6
Supplier#000000673,6
Supplier#000000709,6
Supplier#000000167,5
Supplier#000000262,5
Supplier#000000486,5
Supplier#000000496,5
Supplier#000000578,5
Supplier#000000633,5
Supplier#000000669,5
Supplier#000000687,5
Supplier#000000718,5
Supplier#000000977,5
Supplier#000000188,4
Supplier#000000379,4
Supplier#000000472,4
Supplier#000000708,4
Supplier#000000821,4
Supplier#000000918,4
Supplier#000000929,4
Supplier#000000114,3
Supplier#000000427,3
Supplier#000000500,3
Supplier#000000610,3
Supplier#000000660,3
Supplier#000000670,3
Supplier#000000811,3
Supplier#000000846,3
Supplier#000000436,2
Supplier#000000460,2
Supplier#000000565,2
Supplier#000000648,2
Supplier#000000788,2
