s_name,numwait
Supplier#000000357,9
Supplier#000000633,9
Supplier#000000709,9
Supplier#000000188,8
Supplier#000000889,8
Supplier#000000445,7
Supplier#000000460,7
Supplier#000000486,7
Supplier#000000578,7
Supplier#000000669,7
Supplier#000000708,7
Supplier#000000762,7
Supplier#000000825,7
Supplier#000000496,6
Supplier#000000929,6
Supplier#000000977,6
Supplier#000000167,5
Supplier#000000399,5
Supplier#000000415,5
Supplier#000000472,5
Supplier#000000565,5
Supplier#000000602,5
Supplier#000000659,5
Supplier#000000673,5
Supplier#000000687,5
Supplier#000000778,5
Supplier#000000821,5
Supplier#000000918,5
Supplier#000000074,4
Supplier#000000144,4
Supplier#000000262,4
Supplier#000000379,4
Supplier#000000380,4
Supplier#000000648,4
Supplier#000000811,4
Supplier#000000114,3
Supplier#000000427,3
Supplier#000000500,3
Supplier#000000503,3
Supplier#000000660,3
Supplier#000000718,3
Supplier#000000788,3
Supplier#000000846,3
Supplier#000000436,2
Supplier#000000670,2
Supplier#000000920,2
Supplier#000000610,1
