s_name,numwait
Supplier#000000445,12
Supplier#000000709,11
Supplier#000000357,9
Supplier#000000496,9
Supplier#000000825,9
Supplier#000000669,8
Supplier#000000144,7
Supplier#000000415,7
Supplier#000000633,7
Supplier#000000708,7
Supplier#000000718,7
Supplier#000000762,7
Supplier#000000167,6
Supplier#000000380,6
Supplier#000000399,6
Supplier#000000578,6
Supplier#000000659,6
Supplier#000000673,6
Supplier#000000889,6
Supplier#000000977,6
Supplier#000000188,5
Supplier#000000427,5
Supplier#000000460,5
Supplier#000000472,5
Supplier#000000503,5
Supplier#000000602,5
Supplier#000000648,5
Supplier#000000687,5
Supplier#000000778,5
Supplier#000000918,5
Supplier#000000929,5
Supplier#000000074,4
Supplier#000000436,4
Supplier#000000486,4
Supplier#000000565,4
Supplier#000000811,4
Supplier#000000821,4
Supplier#000000114,3
Supplier#000000262,3
Supplier#000000610,3
Supplier#000000660,3
Supplier#000000670,3
Supplier#000000920,3
Supplier#000000379,2
Supplier#000000846,2
Supplier#000000500,1
Supplier#000000788,1
