,mi,absolute error count_order,relative error count_order
0,0.0012483186311311,2.391133941134285,0.06350953362906468
1,0.0012483186311311,0.40495765198602385,0.010755847330306078
2,0.0012483186311311,44.05832951903858,1.1702079553529503
3,0.0012483186311311,26.30584192086735,0.6986943405276853
4,0.0012483186311311,6.070319926765933,0.16123027693933423
5,0.0012483186311311,8.800325708356922,0.2337403906602104
6,0.0012483186311311,0.11551367156289416,0.003068092206185768
7,0.0012483186311311,2.383480772022267,0.06330626220510668
8,0.0012483186311311,5.976230524476705,0.15873122242966015
9,0.0012483186311311,12.105688142929921,0.3215322215917642
10,0.0012483186311311,5.769288456353024,0.15323475315678683
11,0.0012483186311311,6.435925627719826,0.1709409197269542
12,0.0012483186311311,8.311666946823152,0.22076140629012356
13,0.0012483186311311,28.647599986533805,0.7608924299212166
14,0.0012483186311311,3.903418305917512,0.10367644902835357
15,0.0012483186311311,27.392655266871316,0.7275605648571399
16,0.0012483186311311,1.007651975986846,0.026763664700845846
17,0.0012483186311311,13.143195175252004,0.34908884927628164
18,0.0012483186311311,4.520404799287007,0.12006387249102277
19,0.0012483186311311,14.882406695333884,0.3952830463568097
20,0.0012483186311311,4.1178872636910455,0.1093728356890052
21,0.0012483186311311,4.411862215137717,0.11718093532902302
22,0.0012483186311311,4.373116450755788,0.1161518313613755
23,0.0012483186311311,0.5079810188258307,0.013492191735081826
24,0.0012483186311311,13.96800695655611,0.37099620070534156
25,0.0012483186311311,65.51282147729398,1.7400483792109955
26,0.0012483186311311,8.163990165987798,0.21683904823340763
27,0.0012483186311311,6.743424379181761,0.17910821724254344
28,0.0012483186311311,30.900878686717533,0.820740469766734
29,0.0012483186311311,1.1919592977537832,0.031658945491468346
30,0.0012483186311311,0.07541209924875147,0.0020029774036852983
31,0.0012483186311311,1.5492655236375867,0.04114915069422541
32,0.0012483186311311,44.51573269869823,1.182356778185876
33,0.0012483186311311,4.18858882504901,0.11125069920448896
34,0.0012483186311311,6.734382628519143,0.17886806450250048
35,0.0012483186311311,9.541821731144864,0.2534348401366498
36,0.0012483186311311,16.889313056324227,0.4485873321732862
37,0.0012483186311311,0.004981892282557965,0.00013232117616355816
38,0.0012483186311311,3.110093549449175,0.08260540635987185
39,0.0012483186311311,19.993118478217184,0.5310257231930195
40,0.0012483186311311,0.0875158961721354,0.0023244593936822154
41,0.0012483186311311,6.946031058967037,0.18448953675875265
42,0.0012483186311311,17.994028305002303,0.4779290386454795
43,0.0012483186311311,9.398217069543989,0.2496206392973171
44,0.0012483186311311,32.93918660233294,0.8748787942186703
45,0.0012483186311311,3.95655005280787,0.10508765080498991
46,0.0012483186311311,6.321275350412179,0.16789575963910172
47,0.0012483186311311,16.62353416908809,0.4415281319810913
48,0.0012483186311311,1.4291471463197922,0.037958755546342426
49,0.0012483186311311,1.4794778747832424,0.03929556108322025
50,0.0012483186311311,5.506914763918303,0.1462659963856123
51,0.0012483186311311,2.9121919679969324,0.0773490562548986
52,0.0012483186311311,0.968746510409801,0.025730319001588342
53,0.0012483186311311,0.15091736089698315,0.004008429240291717
54,0.0012483186311311,3.852644335880086,0.102327870806908
55,0.0012483186311311,3.5463897196345897,0.09419361805138352
56,0.0012483186311311,18.3837158284382,0.48827930487219645
57,0.0012483186311311,37.49401032100968,0.9958568478355825
58,0.0012483186311311,18.150575793727057,0.4820870064734942
59,0.0012483186311311,11.109784662266975,0.2950806019194416
60,0.0012483186311311,6.646514180973099,0.17653424119450462
61,0.0012483186311311,5.510912609881416,0.1463721808733444
62,0.0012483186311311,4.6777517022928805,0.12424307310206854
63,0.0012483186311311,3.0288001211183655,0.0804462183563975
64,0.0012483186311311,2.0303117657254006,0.05392594331275964
65,0.0012483186311311,36.532051159052116,0.9703068036932833
66,0.0012483186311311,16.900283506454343,0.4488787119908192
67,0.0012483186311311,0.5822578795937261,0.01546501672227692
68,0.0012483186311311,2.107512376242994,0.055976424335803285
69,0.0012483186311311,0.42567766055481115,0.011306179563208795
70,0.0012483186311311,17.243570708040806,0.457996565950619
71,0.0012483186311311,34.59242417278574,0.9187894866609758
72,0.0012483186311311,10.913172749845216,0.2898585059719845
73,0.0012483186311311,5.62199126466794,0.14932247714921487
74,0.0012483186311311,18.56800733352111,0.4931741655649697
75,0.0012483186311311,1.1371948221094499,0.030204377745270915
76,0.0012483186311311,4.18976988124723,0.11128206855902337
77,0.0012483186311311,7.817869569533741,0.2076459381018258
78,0.0012483186311311,18.966536997691946,0.503759282807223
79,0.0012483186311311,1.4766402564641794,0.03922019273477236
80,0.0012483186311311,1.3186982526140127,0.035025185992404055
81,0.0012483186311311,17.569496598619025,0.46665329611205913
82,0.0012483186311311,2.8045716630231254,0.07449061521973772
83,0.0012483186311311,6.218044291602382,0.16515389884734083
84,0.0012483186311311,3.8492005288935616,0.10223640182984227
85,0.0012483186311311,5.278793163432965,0.14020698973261528
86,0.0012483186311311,2.2964772026821265,0.06099541042980416
87,0.0012483186311311,4.016036290833654,0.1066676305666309
88,0.0012483186311311,5.1112602503430935,0.1357572443650224
89,0.0012483186311311,2.352832385256079,0.0624922280280499
90,0.0012483186311311,0.14051242754703708,0.003732069788765925
91,0.0012483186311311,9.947990626956653,0.26422285861770656
92,0.0012483186311311,1.6107074626038411,0.04278107470395328
93,0.0012483186311311,10.201782995207395,0.27096369177177676
94,0.0012483186311311,7.613565656503397,0.2022195393493598
95,0.0012483186311311,15.801882601580928,0.4197047171734642
96,0.0012483186311311,38.22706323980901,1.0153270448820455
97,0.0012483186311311,8.152603089776221,0.21653660265009883
98,0.0012483186311311,27.517702619736156,0.7308818756902034
99,0.0012483186311311,7.839193676068135,0.20821231543341662
100,0.015625,5.750340539989793,0.15273148844594403
101,0.015625,0.8661865948838567,0.023006284060660204
102,0.015625,9.956518693459202,0.2644493676881594
103,0.015625,6.017180675853979,0.15981887585269533
104,0.015625,1.492561547871901,0.0396430690005817
105,0.015625,3.398947065280936,0.09027747849351755
106,0.015625,1.9770793376451365,0.05251206740093324
107,0.015625,10.52802081288155,0.2796287068494436
108,0.015625,5.3563083791568715,0.14226582680363536
109,0.015625,2.893072901901178,0.07684124573442704
110,0.015625,2.314601426711306,0.06147679752221265
111,0.015625,0.833562972553409,0.022139786787607144
112,0.015625,0.80653475109375,0.021421905739541832
113,0.015625,0.06709696829830136,0.001782123991986756
114,0.015625,5.326970434064151,0.1414865985143201
115,0.015625,7.775304488960046,0.2065153914730424
116,0.015625,2.757988826566816,0.07325335528729923
117,0.015625,2.377568423369212,0.06314922771232967
118,0.015625,0.14297493263848082,0.0037974749704775784
119,0.015625,0.13585550574725858,0.0036083799667266554
120,0.015625,2.102124114639082,0.0558333098177711
121,0.015625,6.147524387678004,0.1632808602304915
122,0.015625,0.7673115487095856,0.020380120815659642
123,0.015625,0.354247487864086,0.00940896382109126
124,0.015625,1.064274815634235,0.028267591384707438
125,0.015625,2.9344825925904843,0.07794110471687873
126,0.015625,0.18471700494092147,0.0049061621498252715
127,0.015625,0.21327348997829176,0.005664634527975877
128,0.015625,0.01356910474896722,0.00036040118855158623
129,0.015625,1.6404961666908093,0.0435722753437134
130,0.015625,4.770787532227132,0.12671414428226116
131,0.015625,8.41707264586239,0.2235610264505283
132,0.015625,1.8985945271974742,0.05042747748200463
133,0.015625,17.986179548093787,0.47772057232652826
134,0.015625,1.4773514395601524,0.03923908206003061
135,0.015625,6.566208919915425,0.17440129933374304
136,0.015625,1.2289951617253791,0.032642633777566515
137,0.015625,2.7685837396161332,0.07353476068037539
138,0.015625,0.560869545191963,0.014896933471234075
139,0.015625,2.2207094012310336,0.058982985424463036
140,0.015625,2.0819270487099857,0.05529686716361184
141,0.015625,0.11546432423347142,0.0030667815201453233
142,0.015625,2.684032795946223,0.07128905168515864
143,0.015625,3.411916237715104,0.09062194522483677
144,0.015625,2.0205804422707843,0.05366747522631565
145,0.015625,0.2514124858166724,0.006677622465250263
146,0.015625,1.2834250739510935,0.034088315377187074
147,0.015625,3.1471689548047834,0.08359014488193317
148,0.015625,4.211396330567823,0.11185647624350126
149,0.015625,1.0727113924758669,0.02849167045088624
150,0.015625,3.352165132850132,0.08903493048738731
151,0.015625,1.0394499533008457,0.02760823249139032
152,0.015625,6.171366318610126,0.1639141120480777
153,0.015625,0.02593700992201775,0.0006888980058968858
154,0.015625,0.07323161405201972,0.0019450627902262874
155,0.015625,5.395687063085006,0.1433117413833999
156,0.015625,0.8741350382438213,0.0232173980941254
157,0.015625,0.17313953076245525,0.004598659515603061
158,0.015625,1.497094833043775,0.039763474981242365
159,0.015625,0.20750808304546808,0.005511502869733548
160,0.015625,4.573524162077774,0.12147474534071113
161,0.015625,8.7168410649424,0.231523003052919
162,0.015625,0.37844402865493976,0.010051634227222835
163,0.015625,0.9874680375619391,0.026227570718776606
164,0.015625,4.0078867878842175,0.10645117630502571
165,0.015625,5.477788132051046,0.14549238066536643
166,0.015625,1.5557376807769288,0.04132105393829824
167,0.015625,2.6675033370697747,0.07085002223292894
168,0.015625,1.0727763569780109,0.028493395935670938
169,0.015625,1.526606984998125,0.040547330278834656
170,0.015625,0.9667706444774922,0.025677839162748798
171,0.015625,3.236100655691189,0.08595220865049638
172,0.015625,3.535405225753493,0.09390186522585639
173,0.015625,0.7748852814320344,0.020581282375352842
174,0.015625,0.6409214812401842,0.017023146912089886
175,0.015625,8.080133556209148,0.21461178104141163
176,0.015625,1.142319631564078,0.03034049486225971
177,0.015625,2.565915125439915,0.0681517961604227
178,0.015625,3.1956296943062625,0.08487728271729782
179,0.015625,3.7673477962816833,0.10006235846697698
180,0.015625,0.4836982493020514,0.0128472310571594
181,0.015625,3.3321106686598796,0.08850227539601274
182,0.015625,2.7886477927117994,0.0740676704571527
183,0.015625,4.438117849963874,0.11787829614777884
184,0.015625,9.08876219004469,0.241401386189766
185,0.015625,1.8547367581145409,0.04926259649706616
186,0.015625,4.127579032236099,0.10963025318024167
187,0.015625,1.8064900882500297,0.047981144442231866
188,0.015625,0.4269347903200469,0.01133956946401187
189,0.015625,3.4547089512470848,0.09175853788172869
190,0.015625,1.2520474012703744,0.033254911056318046
191,0.015625,13.752641560046868,0.36527600425091283
192,0.015625,1.885276558763053,0.050073746580691976
193,0.015625,2.048585681337954,0.05441130627723649
194,0.015625,0.4987267205110584,0.013246393639071936
195,0.015625,1.233553844229391,0.032763714322161776
196,0.015625,3.659152623114096,0.0971886486882894
197,0.015625,3.739841083585816,0.09933176848833508
198,0.015625,0.4621955815105139,0.012276111062696252
199,0.015625,3.7014598747591663,0.0983123472711598
200,0.03125,0.32440163318779014,0.008616245237391504
201,0.03125,3.6243190843611046,0.09626345509591247
202,0.03125,1.626784114836937,0.04320807741930776
203,0.03125,0.5324678298625258,0.014142571842298161
204,0.03125,0.2144779732857387,0.005696626116487084
205,0.03125,4.914549396850816,0.1305325205006857
206,0.03125,0.9677598075022615,0.02570411175304812
207,0.03125,3.0094427859457937,0.0799320793079892
208,0.03125,0.7590319849650768,0.020160212084065786
209,0.03125,0.14029144004598493,0.003726200266825629
210,0.03125,0.6191580834720298,0.01644510181864621
211,0.03125,0.2688003525054228,0.007139451593769529
212,0.03125,0.42891086997815364,0.011392054979499433
213,0.03125,1.7107149426665273,0.045437315874276955
214,0.03125,9.190999848576212,0.24411686184797377
215,0.03125,2.4873773249582882,0.066065798803673
216,0.03125,1.2182728470579605,0.03235784454337212
217,0.03125,0.31218817656281317,0.008291850639118543
218,0.03125,5.196009225847774,0.1380082131699276
219,0.03125,4.945440084533857,0.13135299029306394
220,0.03125,2.006221789709798,0.053286103312345234
221,0.03125,0.43209422530071606,0.011476606249687014
222,0.03125,0.14626725895141135,0.003884920556478389
223,0.03125,0.4617596101847994,0.012264531479011935
224,0.03125,0.6689512216798903,0.017767628729877565
225,0.03125,0.7615925482264174,0.020228221732441366
226,0.03125,2.346103555812988,0.062313507458512295
227,0.03125,3.37422278693748,0.08962079115371793
228,0.03125,1.1530071886454607,0.03062436092019816
229,0.03125,0.8059521352456613,0.021406431215024203
230,0.03125,1.3806677097704778,0.03667112110944164
231,0.03125,2.963975012733499,0.0787244359291766
232,0.03125,1.718399893492915,0.04564143143407477
233,0.03125,1.4166146904490233,0.03762588819253714
234,0.03125,4.543621950339912,0.12068052988950628
235,0.03125,0.5726909441341377,0.01521091485084031
236,0.03125,1.725326834110092,0.045825413920586776
237,0.03125,1.4462503196168655,0.03841302309739351
238,0.03125,3.779111298716998,0.10037480209075691
239,0.03125,3.511000551393863,0.09325366670368826
240,0.03125,1.0582764341770599,0.028108271824091893
241,0.03125,0.5435759685938137,0.014437608727591334
242,0.03125,1.932827701099086,0.05133672512879379
243,0.03125,1.6690869988510713,0.04433165999604439
244,0.03125,1.463175646990294,0.03886256698513397
245,0.03125,0.5623812704197917,0.01493708553571824
246,0.03125,1.6905943414549256,0.044902904155509314
247,0.03125,0.1666850564561173,0.004427225935089437
248,0.03125,2.4126923289409206,0.06408213357080798
249,0.03125,3.8070283478709825,0.10111629078010578
250,0.03125,1.1464386949919572,0.03044989893736938
251,0.03125,3.120487683381725,0.08288147897428222
252,0.03125,0.9693547432566447,0.025746473924479277
253,0.03125,2.5316771087336747,0.06724241988668458
254,0.03125,0.07055579337702511,0.0018739918559634824
255,0.03125,4.831517606427042,0.12832716086127602
256,0.03125,0.35008383441299884,0.009298375416015907
257,0.03125,0.4967204365066209,0.013193105883309983
258,0.03125,1.958771744592923,0.05202580994934722
259,0.03125,0.1981996773638457,0.005264267659066286
260,0.03125,0.06570835489037563,0.001745241829757653
261,0.03125,2.5214761696383903,0.06697147860925338
262,0.03125,0.6193876698362146,0.01645119973004554
263,0.03125,1.2904715192357799,0.03427547195845365
264,0.03125,4.772781830529766,0.12676711369268967
265,0.03125,0.41035340597818504,0.010899160849354184
266,0.03125,0.7058817955480663,0.0187485204660841
267,0.03125,1.0176426984339741,0.027029022534766908
268,0.03125,0.6463626046079298,0.01716766546103399
269,0.03125,0.6023914654424516,0.01599977331852461
270,0.03125,1.1375517242590831,0.030213857218036735
271,0.03125,6.9314085103656,0.1841011556538008
272,0.03125,7.551387316229011,0.20056805620794188
273,0.03125,0.06961389159368991,0.0018489745443211131
274,0.03125,0.4565249533216047,0.012125496768170112
275,0.03125,3.535194659668832,0.0938962725011642
276,0.03125,0.9518873103015721,0.025282531482113468
277,0.03125,0.1685169054940161,0.004475880624011052
278,0.03125,1.3418667622286193,0.03564055145361539
279,0.03125,0.5871676322340136,0.015595421838884821
280,0.03125,0.5575027828758721,0.014807510833356498
281,0.03125,0.9328698775302655,0.02477742038593003
282,0.03125,5.055968573276914,0.13428867392501764
283,0.03125,5.896509337648695,0.1566137938286506
284,0.03125,4.492272115463948,0.1193166564532257
285,0.03125,0.18863012828887804,0.005010096368894503
286,0.03125,5.168174977876788,0.13726892371518695
287,0.03125,0.4758639698097795,0.012639149264535975
288,0.03125,2.1195710002771193,0.05629670651466453
289,0.03125,2.5378497533665723,0.06740636795130338
290,0.03125,0.7225756310767792,0.01919191583205257
291,0.03125,1.6370066872527786,0.04347959328692639
292,0.03125,1.098600370227814,0.02917929270193397
293,0.03125,4.170870517523326,0.11078009342691437
294,0.03125,0.5246734763481982,0.013935550500616154
295,0.03125,0.04693323049696119,0.001246566547064042
296,0.03125,0.8788395981841859,0.023342353205423265
297,0.03125,5.389224532151275,0.1431400938154389
298,0.03125,6.448102649530483,0.17126434660107526
299,0.03125,1.7671494990709107,0.04693624167519019
300,0.0625,0.4262437023426173,0.011321213873641895
301,0.0625,4.5190950671985775,0.12002908545016142
302,0.0625,2.2638131190178683,0.06012783848653037
303,0.0625,0.25151285638003174,0.006680288350067245
304,0.0625,2.6026330533768487,0.069127039930328
305,0.0625,1.3837105696920844,0.036751940762073956
306,0.0625,3.464026460516834,0.09200601488756531
307,0.0625,0.5211961122358844,0.013843190232028802
308,0.0625,1.0872754940528466,0.028878499178030457
309,0.0625,3.2815394973417824,0.08715908359473526
310,0.0625,2.0923219316891846,0.05557295967301951
311,0.0625,0.9219948076856781,0.02448857390931416
312,0.0625,2.5767882125087453,0.06844058997367185
313,0.0625,0.7989944820719757,0.02122163298995951
314,0.0625,0.5875612827821897,0.015605877364732793
315,0.0625,4.081381119854996,0.10840321699482061
316,0.0625,2.1180398388414687,0.056256038216240874
317,0.0625,1.1629449126130567,0.030888311091980255
318,0.0625,0.3923503243358937,0.010420991350222938
319,0.0625,0.6176418903860394,0.01640483108595058
320,0.0625,0.2349608261765752,0.006240659393800138
321,0.0625,2.6964097424192914,0.07161778864327467
322,0.0625,0.2791456601180471,0.007414227360373097
323,0.0625,0.8930493626539828,0.023719770588419196
324,0.0625,0.05360110060792067,0.0014236680108345465
325,0.0625,0.24110380339743642,0.0064038194793475806
326,0.0625,1.2417279172686904,0.032980821175795226
327,0.0625,1.2425705348778138,0.033003201457578055
328,0.0625,2.36232340099059,0.0627443134393251
329,0.0625,0.3438809309327553,0.009133623663552597
330,0.0625,0.7782898730351917,0.020671709775171094
331,0.0625,0.8829308255631076,0.02345101794324323
332,0.0625,0.166007526886915,0.004409230461803851
333,0.0625,3.407354135903006,0.09050077386196563
334,0.0625,3.3406995414020457,0.08873039950603043
335,0.0625,0.05027884558467122,0.0013354275055689566
336,0.0625,2.1482232678135915,0.057057722916695655
337,0.0625,1.0776164144399445,0.028621949918723626
338,0.0625,1.7150185430969032,0.04555162133059504
339,0.0625,0.9428332172901719,0.025042050924041753
340,0.0625,0.7635522253281124,0.020280271589060088
341,0.0625,0.4740881479201562,0.012591982680482236
342,0.0625,0.5859764689398617,0.015563784035587294
343,0.0625,1.0569147269070527,0.028072104300320127
344,0.0625,1.3986913480071053,0.037149836600454324
345,0.0625,3.9563837818332104,0.1050832345772433
346,0.0625,0.020677756023360416,0.0005492099873402501
347,0.0625,0.4394701930350493,0.011672515087252306
348,0.0625,0.21659201955844765,0.005752776083889712
349,0.0625,0.4282143274022019,0.011373554512674685
350,0.0625,0.4589848141622497,0.012190831717456831
351,0.0625,2.4657161431655368,0.06549046860997441
352,0.0625,0.5962972243828517,0.015837907686131518
353,0.0625,2.765381900839202,0.07344971848178491
354,0.0625,2.4209247217736447,0.06430078942293876
355,0.0625,6.458623850210188,0.17154379416228918
356,0.0625,0.41825802399671375,0.011109110863126527
357,0.0625,1.720350569888069,0.04569324222810277
358,0.0625,3.6863540957897385,0.09791113136227725
359,0.0625,0.8890035914350847,0.023612313185526815
360,0.0625,2.1179305476457557,0.0562531353956376
361,0.0625,0.37797318839375293,0.010039128509794234
362,0.0625,1.283076228835398,0.034079049902666615
363,0.0625,0.3392799261487198,0.009011419021214339
364,0.0625,1.56728737724643,0.041627818784765735
365,0.0625,0.0346199695291034,0.0009195211030306348
366,0.0625,0.7655184050358912,0.02033249415765979
367,0.0625,0.45668480969197844,0.012129742621300888
368,0.0625,3.581344818985599,0.09512204034490303
369,0.0625,0.7803179170809926,0.020725575486878953
370,0.0625,0.38321190976876096,0.010178271175797103
371,0.0625,1.030674250202992,0.027375146087728872
372,0.0625,1.9585661433097812,0.05202034909189326
373,0.0625,2.9456088747238027,0.07823662349864018
374,0.0625,0.4848190823222467,0.012877000858492606
375,0.0625,0.16224709574862572,0.004309351812712503
376,0.0625,0.7546062113478911,0.02004266165598648
377,0.0625,1.2413826379383863,0.0329716504100501
378,0.0625,0.8875644523345727,0.02357408903943088
379,0.0625,0.36745688771316054,0.009759811094639057
380,0.0625,7.813471660279902,0.2075291277630784
381,0.0625,1.2117727815793842,0.032185200041949115
382,0.0625,0.5426512394369638,0.01441304752820621
383,0.0625,0.1899201201354117,0.005044359100542144
384,0.0625,3.7308307930779847,0.09909245134337276
385,0.0625,1.0309521638528167,0.02738252759237229
386,0.0625,1.0423753514987766,0.027685932310724474
387,0.0625,0.14727849337259613,0.003911779372446112
388,0.0625,0.7575919834262095,0.020121965031240623
389,0.0625,1.8617990861171165,0.0494501749300695
390,0.0625,2.117123668620934,0.056231704345841536
391,0.0625,0.15108458821077875,0.0040128708688121845
392,0.0625,3.296052464408149,0.08754455416754711
393,0.0625,0.14718368603371346,0.003909261249235417
394,0.0625,4.491035096598807,0.11928380070647562
395,0.0625,2.9809707256576985,0.07917584928705707
396,0.0625,0.6355775001434267,0.016881208503145465
397,0.0625,1.6254859935070272,0.043173598765126886
398,0.0625,0.04322517203809184,0.0011480789385947367
399,0.0625,0.4537689264984692,0.012052295524527735
400,0.25,0.5896689664591577,0.01566185833888865
401,0.25,0.957545160330028,0.025432806383267677
402,0.25,1.7140926108991152,0.04552702817793135
403,0.25,0.03768370130683252,0.0010008951210314083
404,0.25,0.818312611420879,0.021734730715029984
405,0.25,0.8108852459349691,0.02153745673134048
406,0.25,0.10614196094411454,0.002819175589485114
407,0.25,0.07154234228300993,0.0019001950141569704
408,0.25,0.25943216140558434,0.006890628456987633
409,0.25,0.41215406146284295,0.010946987024245496
410,0.25,2.0647189890937625,0.054839813787350936
411,0.25,0.24404435473115882,0.006481921772407937
412,0.25,0.8575502059961764,0.02277689790162487
413,0.25,0.2863095184998201,0.007604502483394956
414,0.25,0.2537910444229965,0.006740797992642669
415,0.25,0.1459265038729427,0.003875869956784667
416,0.25,0.19691377737672155,0.0052301136089434675
417,0.25,1.9459524021790457,0.05168532276703972
418,0.25,0.13879267902711945,0.003686392537240888
419,0.25,0.7893905935679868,0.020966549629959808
420,0.25,0.5442502090663766,0.014455516841072418
421,0.25,0.2478274098143629,0.006582401323090648
422,0.25,1.078047563670225,0.028633401425503982
423,0.25,0.14398914424646136,0.003824412861791803
424,0.25,0.11473502868648211,0.0030474111204908927
425,0.25,1.382056770763029,0.036708015159708604
426,0.25,0.41459364970341994,0.011011783524659228
427,0.25,1.8514833327199085,0.04917618413598694
428,0.25,1.3151542407040324,0.034931055529987584
429,0.25,1.2585529398947983,0.03342770092682067
430,0.25,0.02702972947190574,0.0007179211015114406
431,0.25,4.041095490486441,0.10733321355873682
432,0.25,0.40322840471935706,0.010709917788030732
433,0.25,0.2475969775100566,0.0065762809431621945
434,0.25,0.7296349281568837,0.01937941376246703
435,0.25,0.13042198400307825,0.0034640633201348803
436,0.25,0.7733921035010098,0.02054162293495378
437,0.25,0.21151361263673607,0.005617891437894716
438,0.25,1.3914857535887677,0.03695845295056488
439,0.25,1.237611030903281,0.03287147492438994
440,0.25,0.5766485423537233,0.015316030341400354
441,0.25,0.3432716394054296,0.009117440621658156
442,0.25,0.5026833970159714,0.013351484648498578
443,0.25,0.21711608021178108,0.005766695357550627
444,0.25,1.0864835228658194,0.02885746408674155
445,0.25,0.32121467524211766,0.008531598280003124
446,0.25,1.5510198838542237,0.04119574724712413
447,0.25,0.6069886921777652,0.016121877614283273
448,0.25,0.977929718154428,0.025974228901844035
449,0.25,0.4405188327891665,0.011700367404758738
450,0.25,0.3654406321697934,0.009706258490565563
451,0.25,0.1316209570400133,0.0034959085535196093
452,0.25,0.22321170715986227,0.005928597799730738
453,0.25,0.6617480837703624,0.01757631032590604
454,0.25,0.005681576560164103,0.0001509050879193653
455,0.25,2.3919696693465085,0.06353173092553807
456,0.25,0.284751431650875,0.007563119034551794
457,0.25,1.3931697098601035,0.03700317954475706
458,0.25,0.2257913403082057,0.005997113952409182
459,0.25,0.9897935593103284,0.026289337564683355
460,0.25,0.4533656813846392,0.012041585162938623
461,0.25,0.8766018099950088,0.023282916600133034
462,0.25,0.017617936473470763,0.0004679398797734599
463,0.25,0.8496106748762031,0.022566020581041252
464,0.25,1.1277253136713625,0.02995286357692862
465,0.25,0.9748713271537781,0.02589299673715214
466,0.25,0.528349214024729,0.014033179655371288
467,0.25,0.26950203551450613,0.007158088592682766
468,0.25,0.4296975251136246,0.011412948874199856
469,0.25,0.09810906560414878,0.0026058184755418
470,0.25,1.1370932780350813,0.030201680691502822
471,0.25,2.172185639410145,0.05769417368951249
472,0.25,0.0621666722900045,0.0016511732347942762
473,0.25,0.2750178616320227,0.007304591278406976
474,0.25,0.5917108645862754,0.01571609202088381
475,0.25,0.3786316295359029,0.010056616986345362
476,0.25,0.5465064670920583,0.014515444013069279
477,0.25,1.134204259029957,0.03012494711898956
478,0.25,0.3207212969000466,0.008518493941568303
479,0.25,0.5569789164769645,0.014793596719175683
480,0.25,0.48490406708697265,0.012879258089959432
481,0.25,1.0369819544303027,0.027542681392571124
482,0.25,0.5646987327359057,0.014998638319678768
483,0.25,0.7952774275286174,0.021122906441663147
484,0.25,0.1356792389265138,0.0036036982450601274
485,0.25,0.020827786680001736,0.0005531948653386915
486,0.25,0.9390870766910666,0.024942551837744135
487,0.25,0.034218185480767715,0.000908849547961958
488,0.25,0.7103019343744563,0.018865921231725268
489,0.25,0.7377827444811373,0.019595823226590633
490,0.25,0.05067784697848765,0.0013460251521510663
491,0.25,1.017086875392124,0.02701425963856903
492,0.25,0.5173185928183557,0.013740201668482223
493,0.25,0.7779903091691267,0.02066375323158371
494,0.25,2.6025355435886013,0.06912445002891371
495,0.25,0.18330704123354735,0.004868712914569651
496,0.25,0.27726765097349926,0.00736434663940237
497,0.25,1.2141775218310613,0.03224907096496843
498,0.25,0.054929758831804065,0.0014589577378965222
499,0.25,0.08178451363983186,0.0021722314379769418
500,1.0,0.13631715813789924,0.0036206416504090105
501,1.0,0.022013603942468762,0.0005846906757627826
502,1.0,0.1371921660929729,0.0036438822335450975
503,1.0,0.0029480601615432533,7.83017307182803e-05
504,1.0,0.10299638435935776,0.0027356277386283603
505,1.0,0.09593579640795724,0.0025480955221236982
506,1.0,0.18580270009033484,0.004934998674378083
507,1.0,0.07597833047657332,0.002018016745725719
508,1.0,0.033254005033541034,0.0008832405055389384
509,1.0,0.2747109383158204,0.0072964392646964246
510,1.0,0.03981474798001727,0.0010574966262952795
511,1.0,0.0917651714898966,0.002437321951922885
512,1.0,0.04389378081077666,0.0011658374717337758
513,1.0,0.015124920977996226,0.00040172432876483996
514,1.0,0.18219066924257277,0.004839061600068334
515,1.0,0.018373939580214937,0.00048801964356480574
516,1.0,0.0040251069526675565,0.00010690855119966949
517,1.0,0.3729246829329895,0.009905038059309151
518,1.0,0.04457619051618167,0.0011839625635108014
519,1.0,0.1444710433702312,0.0038372123073102575
520,1.0,0.1434835193949766,0.0038109832508625924
521,1.0,0.04230736522549705,0.0011237015996147955
522,1.0,0.04163140933133036,0.0011057479238069153
523,1.0,0.08474260449429494,0.002250799588161884
524,1.0,0.01290628360629853,0.0003427963773253261
525,1.0,0.3096365229489493,0.00822407763476625
526,1.0,0.04112439592790906,0.0010922814323481823
527,1.0,0.20809248358682453,0.005527024796462803
528,1.0,0.15137139905618824,0.004020488686751348
529,1.0,0.02661651139442256,0.0007069458537695235
530,1.0,0.027720683332063345,0.0007362731296696772
531,1.0,0.1434989229906023,0.0038113923769084275
532,1.0,0.22546089867591945,0.005988337282228936
533,1.0,0.03211558532893832,0.0008530035943941121
534,1.0,0.026914092189599614,0.0007148497261513842
535,1.0,0.06852549327186352,0.0018200662223602528
536,1.0,0.03898948463893248,0.0010355772812465466
537,1.0,0.0022181822942002327,5.8915864387788384e-05
538,1.0,0.09644620169001428,0.0025616521033204323
539,1.0,0.14478252411026915,0.0038454853681346387
540,1.0,0.10273365802913759,0.0027286496156477447
541,1.0,0.07151292742901205,0.00189941374313445
542,1.0,0.02261314316501739,0.0006006146922979387
543,1.0,0.022186453896210878,0.0005892816439896647
544,1.0,0.009822430822168826,0.0002608879368437935
545,1.0,0.04998762625700692,0.0013276925964676473
546,1.0,0.0370558095510205,0.000984218049163891
547,1.0,0.020736625284826005,0.0005507735799422578
548,1.0,0.10488789380860908,0.002785867033429192
549,1.0,0.04160794775179966,0.0011051247742841874
550,1.0,0.1455976750330592,0.003867136123056021
551,1.0,0.2601030486889613,0.006908447508338945
552,1.0,0.007529696898018301,0.0001999919494825578
553,1.0,0.1458924141938951,0.003874964520422181
554,1.0,0.18620608710716624,0.004945712804971214
555,1.0,0.28096021785768244,0.007462422785064606
556,1.0,0.024253079884601902,0.0006441721084887623
557,1.0,0.02322585395677379,0.0006168885513087328
558,1.0,0.04488938307713397,0.0011922810910261347
559,1.0,0.19149278375016365,0.005086129714479778
560,1.0,0.05011679527706292,0.0013311233805328795
561,1.0,0.05224234652177984,0.0013875789248812705
562,1.0,0.03344833672645109,0.000888402037887147
563,1.0,0.08234223102499527,0.0021870446487382545
564,1.0,0.43027822438170915,0.011428372493538091
565,1.0,0.018417276367927116,0.0004891706870631372
566,1.0,0.030019865586382366,0.0007973403874205143
567,1.0,0.05959951477279901,0.0015829884401805845
568,1.0,0.00982430065596418,0.0002609376004240154
569,1.0,0.0786007072101711,0.0020876681861931234
570,1.0,0.09745083443294789,0.0025883355759083104
571,1.0,0.04463368262122458,0.0011854895782529768
572,1.0,0.03401725952016932,0.0009035128690616021
573,1.0,0.10508493227371218,0.0027911004587971365
574,1.0,0.1348008470449713,0.0035803677833989725
575,1.0,0.030297416322355275,0.0008047122529178028
576,1.0,0.0025986279456446937,6.902066256692414e-05
577,1.0,0.01105781986598231,0.0002937003948468077
578,1.0,0.0387821872582208,0.00103007137472034
579,1.0,0.07171209683292545,0.0019047037671427744
580,1.0,0.19666018544239705,0.005223378099399656
581,1.0,0.014545222677043057,0.00038632729553899226
582,1.0,0.34151990205282345,0.009070913733142722
583,1.0,0.08499205570706181,0.0022574251183814556
584,1.0,0.1952265866784728,0.00518530110699795
585,1.0,0.08800743488291118,0.0023375148707280528
586,1.0,0.2546611540142294,0.006763908473153503
587,1.0,0.027123907742861775,0.0007204225164106714
588,1.0,0.04768509224641093,0.0012665363146457088
589,1.0,0.21657042294100393,0.005752202468552561
590,1.0,0.12591051960998811,0.0033442369086318226
591,1.0,0.1717806645665405,0.0045625674519665475
592,1.0,0.02885923887924946,0.0007665136488512474
593,1.0,0.01571717138585882,0.0004174547512844308
594,1.0,0.1110415117541379,0.002949309741145761
595,1.0,0.04475463546714309,0.0011887021372415164
596,1.0,0.00824606692594898,0.00021901904185787468
597,1.0,0.010877833875838405,0.00028891989046051544
598,1.0,0.0073567354720580624,0.00019539802050619023
599,1.0,0.07017733914017299,0.0018639399506022044
600,2.0,0.12477446833418071,0.0033140629039623026
601,2.0,0.02654251546391606,0.0007049804904094571
602,2.0,0.03779531439022321,0.0010038596119581198
603,2.0,0.06530173914734405,0.0017344419428245432
604,2.0,0.06887184612605779,0.0018292655013561166
605,2.0,0.006483567403847701,0.0001722063055470837
606,2.0,0.0017976155977521557,4.774543420324451e-05
607,2.0,0.17739494487614138,0.004711685122872281
608,2.0,0.004032996971091052,0.00010711811344199342
609,2.0,0.016881630852822127,0.000448383289583589
610,2.0,0.184508822017051,0.004900632722896441
611,2.0,0.025133772558547207,0.0006675636801738966
612,2.0,0.4320218574662249,0.011474684129249001
613,2.0,0.30710836333764746,0.008156928641106174
614,2.0,0.027677232431415177,0.0007351190552832716
615,2.0,0.007472764194972115,0.0001984797926951425
616,2.0,0.02132101553479515,0.0005662952333278925
617,2.0,0.020404662426244613,0.0005419565053451425
618,2.0,0.05015924354574963,0.0013322508245883036
619,2.0,0.09483913794520049,0.002518967807309442
620,2.0,0.07479986575299336,0.001986716221859053
621,2.0,0.1703428454297864,0.004524378364668962
622,2.0,0.07930675438501567,0.0021064210992036035
623,2.0,0.027524726950105105,0.0007310684448899098
624,2.0,0.3480340654550673,0.009243932681409491
625,2.0,0.07684340489913666,0.00204099349001691
626,2.0,0.09820685911836335,0.0026084159128383364
627,2.0,0.014645121118519455,0.0003889806405981263
628,2.0,0.10787140957017982,0.0028651104799516554
629,2.0,0.22540862801088224,0.005986948951152251
630,2.0,0.013680575812941242,0.0003633619073822375
631,2.0,0.3499261482579641,0.009294187204726802
632,2.0,0.09757558888895801,0.0025916491072764413
633,2.0,0.060832771120658435,0.0016157442528727342
634,2.0,0.025120713141859596,0.0006672168165168552
635,2.0,0.2785846656997819,0.007399327110219971
636,2.0,0.1979722529904393,0.005258227171060804
637,2.0,0.00996712466212557,0.0002647310667231227
638,2.0,0.11215633298661487,0.0029789198668423605
639,2.0,0.1272820053018222,0.0033806641514428208
640,2.0,0.05654100961783115,0.0015017532435014915
641,2.0,0.2232675868217484,0.005930081987297435
642,2.0,0.018246892697789008,0.0004846452243768661
643,2.0,0.022273970712831215,0.0005916061278308423
644,2.0,0.0015344188332164777,4.075481628729024e-05
645,2.0,0.07356890274559191,0.001954021321264061
646,2.0,0.04500185163851711,0.0011952683038118754
647,2.0,0.2749211072750768,0.007302021441569104
648,2.0,0.00324319721903521,8.614069638871739e-05
649,2.0,0.16242057091994866,0.004313959386984028
650,2.0,0.0341982547133739,0.0009083201783100638
651,2.0,0.07753363984602402,0.0020593264235331745
652,2.0,0.2919465817735727,0.007754225279510563
653,2.0,0.02997522633677363,0.0007961547499807073
654,2.0,0.17483729714422225,0.004643752912197138
655,2.0,0.21551901480279412,0.005724276621588157
656,2.0,0.007612917633196048,0.00020220232757492824
657,2.0,0.13666681406084535,0.003629928660314618
658,2.0,0.3280067295650042,0.008711998129216579
659,2.0,0.030301896130367822,0.0008048312385223858
660,2.0,0.02598347010780344,0.0006901320081753903
661,2.0,0.00957228223887796,0.00025424388416674527
662,2.0,0.20446465024087956,0.005430668001085779
663,2.0,0.14669817499179771,0.0038963658696360612
664,2.0,0.10503790856228079,0.0027898514890380022
665,2.0,0.038801160668754164,0.0010305753165671756
666,2.0,0.20908384323684004,0.0055533557300621525
667,2.0,0.18981743304630072,0.005041631687816753
668,2.0,0.19515795736197106,0.005183478283186482
669,2.0,0.006875691369714332,0.00018262128472016818
670,2.0,0.15334660501594044,0.004072950996439321
671,2.0,0.07289397958174959,0.0019360950752124724
672,2.0,0.24012796345141396,0.006377900755681646
673,2.0,0.37479599529478946,0.009954740910884182
674,2.0,0.19220302654821353,0.0051049940650255915
675,2.0,0.19267689583102765,0.005117580234555847
676,2.0,0.33000758385105655,0.008765141669350772
677,2.0,0.006608308269733243,0.00017551947595573022
678,2.0,0.13337777249216742,0.0035425703185170626
679,2.0,0.04535156779775207,0.001204556913618913
680,2.0,0.03107506736569121,0.0008253669951046803
681,2.0,0.17119071424258436,0.004546898120652971
682,2.0,0.0043758993929259304,0.00011622574748807252
683,2.0,0.11203262554499815,0.002975634144621465
684,2.0,0.0936668444182942,0.002487831193048983
685,2.0,0.025321112276742497,0.000672539502702324
686,2.0,0.020750573721670662,0.0005511440563524744
687,2.0,0.21738901810249445,0.005773944703917515
688,2.0,0.04903983997292016,0.0013025189899845992
689,2.0,0.2728319773104886,0.007246533261898767
690,2.0,0.019001937862412888,0.0005046995448184033
691,2.0,0.02258337863486304,0.0005998241337281019
692,2.0,0.02394165937721482,0.000635900647469185
693,2.0,0.0247758074228841,0.0006580559740473864
694,2.0,0.0745649393329586,0.0019804764763070013
695,2.0,0.1040898300398112,0.002764670120579315
696,2.0,0.0030846886015751807,8.193064014807917e-05
697,2.0,0.011932188112950826,0.0003169239870637669
698,2.0,0.0689540282710368,0.0018314482940514423
699,2.0,0.01231053045103181,0.0003269729203461304
700,4.0,0.07978839145380334,0.002119213584430368
701,4.0,0.0004164607389611774,1.1061374208796213e-05
702,4.0,0.04642693876212434,0.0012331192234295973
703,4.0,0.4926857581299373,0.013085943111020912
704,4.0,0.113033895037006,0.003002228287835485
705,4.0,0.06539621231377168,0.0017369511902728203
706,4.0,0.14315675118996296,0.0038023041484717916
707,4.0,0.04582096820786319,0.0012170243879910541
708,4.0,0.026781362118981633,0.0007113243590698973
709,4.0,0.04464326022389287,0.0011857439634500098
710,4.0,0.012823261818084575,0.0003405912833488599
711,4.0,0.024725138931898982,0.0006567101973943952
712,4.0,0.008466412486995978,0.00022487151359883075
713,4.0,0.1315298199810968,0.0034934879145045628
714,4.0,0.0412093227951118,0.001094537126032186
715,4.0,0.006070181819268328,0.0001612266087455067
716,4.0,0.15614356822607078,0.004147239527916887
717,4.0,0.029024797827332804,0.0007709109648693972
718,4.0,0.07555701634100842,0.002006826463240596
719,4.0,0.05032810578950375,0.0013367358775432604
720,4.0,0.5078138083326849,0.013487750553324964
721,4.0,0.15159179039847004,0.004026342374461356
722,4.0,0.00010038948403234826,2.6663873580968994e-06
723,4.0,0.00332007170709403,8.818251546066481e-05
724,4.0,0.06446296735020951,0.0017121638074424838
725,4.0,0.027316906820942677,0.0007255486539427006
726,4.0,0.0026065334009217622,6.92306348186391e-05
727,4.0,0.037225975038381875,0.0009887377168228918
728,4.0,0.1105361112608989,0.0029358860892669033
729,4.0,0.0683487557648732,0.0018153719990670174
730,4.0,0.06896101968413859,0.0018316339889545442
731,4.0,0.1486400695566772,0.003947943414519978
732,4.0,0.08802750327186004,0.0023380478956669336
733,4.0,0.14418902281431656,0.003829721721495792
734,4.0,0.010543624822275888,0.0002800431559701431
735,4.0,0.04091880686019067,0.0010868208993410535
736,4.0,0.1580157481430433,0.004196965422125985
737,4.0,0.03804029839011491,0.0010103664911053098
738,4.0,0.04350035033803579,0.0011553877911828895
739,4.0,0.0603008107250389,0.0016016151586995724
740,4.0,0.002640748948124383,7.01394142928123e-05
741,4.0,0.0984342744695823,0.0026144561612106857
742,4.0,0.12544270359921939,0.003331811516579532
743,4.0,0.1355752885488073,0.003600937278852783
744,4.0,0.042121390021748084,0.001118762019169936
745,4.0,0.004692558617080067,0.0001246363510512634
746,4.0,0.17014155029892208,0.004519031880449458
747,4.0,0.2859119686672784,0.007593943390897169
748,4.0,0.030367831591320282,0.0008065825123856648
749,4.0,0.29182119066308587,0.0077508948383289734
750,4.0,0.06928153880016907,0.0018401471128862968
751,4.0,0.0028044146542924864,7.448644500112845e-05
752,4.0,0.044082149075165944,0.0011708406128862136
753,4.0,0.001614570991932851,4.288369168480348e-05
754,4.0,0.06401547225277682,0.001700278147484112
755,4.0,0.01061049693453242,0.00028181930769010413
756,4.0,0.004118376306905702,0.00010938582488461361
757,4.0,0.007395449163141166,0.00019642627259339087
758,4.0,0.03948574678224759,0.0010487582146679307
759,4.0,0.032905550415307516,0.0008739854027970124
760,4.0,0.057483890290313866,0.001526796554855614
761,4.0,0.00257294002949493,6.83383805974749e-05
762,4.0,0.19583077686502293,0.005201348655113491
763,4.0,0.2260707822256336,0.006004536048489604
764,4.0,0.17574125474084212,0.004667762410115329
765,4.0,0.16124763664220154,0.004282805754108939
766,4.0,0.0025354398057970684,6.734235871970965e-05
767,4.0,0.11040468339888321,0.0029323953093992887
768,4.0,0.008391946524170635,0.00022289366598062776
769,4.0,0.3331640540823173,0.008848978860088109
770,4.0,0.07690020649897633,0.0020425021646474457
771,4.0,0.03725791994338579,0.0009895861870753196
772,4.0,0.15670340245105763,0.004162108962843496
773,4.0,0.02555059571614038,0.0006786346803755745
774,4.0,0.02711229739452392,0.0007201141406248054
775,4.0,0.00199500801090835,5.2988260581895087e-05
776,4.0,0.019389046838114155,0.0005149813237214915
777,4.0,0.06649919224946643,0.001766246806094726
778,4.0,0.09747484881290802,0.0025889734080453658
779,4.0,0.0239506628631716,0.0006361397838823799
780,4.0,0.007863711064146628,0.00020886350767985732
781,4.0,0.012319163692609436,0.00032720222291127317
782,4.0,0.028429317036625434,0.0007550947420086436
783,4.0,0.09561155453911852,0.0025394835202953124
784,4.0,0.02114222237833019,0.0005615464111110276
785,4.0,0.19797905153427564,0.0052584077432742534
786,4.0,0.06474280869451832,0.001719596512470606
787,4.0,0.224637739742775,0.005966473831149403
788,4.0,0.19603069308004706,0.0052066585147422855
789,4.0,0.04214181822908358,0.0011193046010380765
790,4.0,0.007050185869047709,0.0001872559327768316
791,4.0,0.010831971062998491,0.0002877017546613145
792,4.0,0.01694597011692167,0.0004500921677801241
793,4.0,0.0930888682260047,0.0024724798997610813
794,4.0,0.01292567735481498,0.0003433114835276223
795,4.0,0.025210003312167828,0.0006695884013855997
796,4.0,0.04112501202234853,0.0010922977960783143
797,4.0,0.028011356646857166,0.0007439935364371093
798,4.0,0.06775289779534432,0.0017995457581764763
799,4.0,0.024858868001501833,0.0006602620983134616
800,16.0,0.004262523918896477,0.00011321444671703789
801,16.0,0.008124141110783967,0.00021578064039266844
802,16.0,0.0736478197118231,0.0019561173894242522
803,16.0,0.13005550748630412,0.0034543295481090073
804,16.0,0.2324853227373751,0.00617490897044821
805,16.0,0.026208981273157406,0.0006961216805619497
806,16.0,0.039051940002991614,0.0010372361222574134
807,16.0,0.04107240248549715,0.0010909004644222352
808,16.0,0.0075420084185680025,0.00020031894870034536
809,16.0,0.024878455211819528,0.0006607823429434137
810,16.0,0.03412864495294343,0.0009064713134911933
811,16.0,0.026992067780156503,0.0007169207909736123
812,16.0,0.3039786522308532,0.008073802184086406
813,16.0,0.024578340543030208,0.0006528111698015991
814,16.0,0.038779001815782976,0.0010299867680154842
815,16.0,0.12353284727396385,0.003281084920955215
816,16.0,0.10630667374016411,0.0028235504313456608
817,16.0,0.04494228757903329,0.0011936862570792375
818,16.0,0.042677258513776906,0.0011335261225438754
819,16.0,0.07325261331106958,0.0019456205394706395
820,16.0,0.0016452725631097564,4.369913846241053e-05
821,16.0,0.06787283992707671,0.001802731472166712
822,16.0,0.08125530113920831,0.002158175329062638
823,16.0,0.21183548203589453,0.005626440425920173
824,16.0,0.05212690806820319,0.0013845128304967647
825,16.0,0.22961743067207863,0.0060987365384350236
826,16.0,0.03449836561912889,0.0009162912515040874
827,16.0,0.012728669201806042,0.00033807886326178065
828,16.0,0.16077958614687304,0.004270374134047092
829,16.0,0.026638276932771987,0.0007075239557177154
830,16.0,0.08506182962901221,0.0022592783434000584
831,16.0,0.018115766394203092,0.00048116245402929857
832,16.0,0.20533174044021507,0.005453698285264676
833,16.0,0.03046075125621428,0.0008090504981730221
834,16.0,0.2904145290335691,0.007713533307664519
835,16.0,0.16693646336170787,0.004433903409341511
836,16.0,0.05183068647784239,0.0013766450591724407
837,16.0,0.005491983307820192,0.00014586941056627336
838,16.0,0.11154469618486473,0.0029626745334625426
839,16.0,0.21639830766798696,0.0057476310137579536
840,16.0,0.11772554985009265,0.0031268406334685962
841,16.0,0.013998237562191207,0.00037179913843801346
842,16.0,0.11014027327200893,0.002925372464063982
843,16.0,0.0011221059107811016,2.980360984810363e-05
844,16.0,0.10937857374892701,0.002905141401033918
845,16.0,0.4257219378660011,0.011307355587410388
846,16.0,0.04356070872700002,0.0011569909356440907
847,16.0,0.09029713204017753,0.0023983302002703196
848,16.0,0.07167243828507708,0.0019036504192583553
849,16.0,0.3005034346001594,0.007981498926963064
850,16.0,0.007435219942180993,0.00019748260138594936
851,16.0,0.20173652942230547,0.005358207952783678
852,16.0,0.11990850709025835,0.003184820905451749
853,16.0,0.02008496679036398,0.0005334652533961216
854,16.0,0.26657530066404433,0.007080353271289358
855,16.0,0.03833052622621835,0.0010180750657694118
856,16.0,0.07834942441104431,0.002080994008261469
857,16.0,0.036882933134620544,0.000979626378077571
858,16.0,0.01851489337377643,0.0004917634362224815
859,16.0,0.09024529917996915,0.00239695349747594
860,16.0,0.175649133834213,0.004665315639686932
861,16.0,0.03579697292207129,0.0009507828133352268
862,16.0,0.07004732517816592,0.0018604867245196792
863,16.0,0.10882465703616617,0.0028904291377467774
864,16.0,0.24796042991374634,0.006585934393459398
865,16.0,0.09036176144945784,0.002400046784846158
866,16.0,0.060291213732853066,0.0016013602585087136
867,16.0,0.13563005471905853,0.0036023918916084606
868,16.0,0.3910746174219639,0.01038710803245588
869,16.0,0.029881284557177423,0.0007936596163924946
870,16.0,0.0008387302550545428,2.2277032006760764e-05
871,16.0,0.021248467921850533,0.0005643683378977565
872,16.0,0.3057501676521497,0.00812085438651128
873,16.0,0.2776416838783007,0.0073742811123054626
874,16.0,0.15553703354635218,0.004131129709066459
875,16.0,0.17084846933130393,0.004537807950366638
876,16.0,0.0702956659888514,0.001867082761988085
877,16.0,0.12501480275341237,0.003320446288271245
878,16.0,0.04638228389831056,0.0012319331712698687
879,16.0,0.09902977609044683,0.0026302729373292653
880,16.0,0.05551075906305414,0.001474389350944333
881,16.0,0.020348305145489576,0.0005404596320183154
882,16.0,0.012647797004774475,0.0003359308633406235
883,16.0,0.022439096088874066,0.0005959919279913431
884,16.0,0.039297689314025774,0.0010437633283937788
885,16.0,0.04273185739020846,0.0011349762919046073
886,16.0,0.08711575281495243,0.0023138314160677936
887,16.0,0.10028252372876523,0.002663546446979156
888,16.0,0.22711033019822935,0.006032146884415122
889,16.0,0.03674784411532528,0.0009760383563167405
890,16.0,0.12453591230996608,0.003307726754580772
891,16.0,0.06399066468475212,0.0016996192479349832
892,16.0,0.01423921381820037,0.0003781995702045251
893,16.0,0.07201663175101203,0.0019127923439843833
894,16.0,0.08819938306942277,0.0023426130961334067
895,16.0,0.18922819726321904,0.0050259813350124576
896,16.0,0.07835153147516394,0.0020810499727799184
897,16.0,0.38517853962093795,0.01023050570042332
898,16.0,0.06928447897053047,0.0018402252050605703
899,16.0,0.0004850598938901385,1.2883396916072736e-05
