s_suppkey,s_name,s_address,s_phone,total_revenue
913,Supplier#000000913,PTSEe31GjmUGy58DpRn,34-601-419-1634,740946.8968
474,Supplier#000000474,78jpeO3SIlDN6,10-327-319-7717,908937.1094
677,Supplier#000000677,TEJ LMkTnY5hp8aQckzyb,23-290-639-3315,950510.9765
378,Supplier#000000378,mLPJtpu4wOc cSFzBR,13-930-567-5190,847088.4238
220,Supplier#000000220,yw45wy2XyjPmY4XXHOcVYSvtU,29-197-645-8102,899938.3756
315,Supplier#000000315,k9fJuxApb0M0dHM7I7,12-574-691-2832,959801.5519
641,Supplier#000000641,"s,fStDiv8ocWmhtn8irUQ5jRG",27-393-904-4536,975994.3403
953,Supplier#000000953,"w77P,JF6UdQQZ5f jHUG0I6yW8lleUAwy3ztsqr",31-642-490-3022,770309.4147
238,Supplier#000000238,"vH81dBrqiAF 5r6MutkO9,W92ds4",18-950-354-3488,881250.8732
164,Supplier#000000164,"Uj0,Jr1GFzWA58rVzHPD6DayBIeDkmxXKg368",12-414-446-6598,964269.5042
966,Supplier#000000966,m9Fh4uXYiU8zm9 lnA0k9T,14-681-361-1636,980913.2887
987,Supplier#000000987,oq4hZGnJtPQ8cXEEKAnYTQ3,28-375-179-1732,910601.0848
984,Supplier#000000984,VjUAAuMrI2Q2soEw4JH,31-519-879-5266,840047.2516
187,Supplier#000000187,Deyt7GUJ7tgaJIpw 6QQXYsgcILdCPnA,28-127-320-9230,979626.9250
317,Supplier#000000317,nvxebmGPXiA8AIy4SNNKvtra4K3uMeX9CcxZN,27-131-276-7910,900199.8088
742,Supplier#000000742,"uQ3V,Hvi5DmM2X",10-673-629-5928,885286.6023
846,Supplier#000000846,pZozXtjFOMaeuFQcipB poTUuXfg5NkXaJ1,30-283-261-2020,909549.7802
422,Supplier#000000422,JxWOTAGllddwELu1Q8zUZi,20-645-417-6790,888614.0523
865,Supplier#000000865,"t25EWlbbFw6ZetzIAn6izMJs6SJn,yjQjMK",27-993-155-8321,872281.5999
887,Supplier#000000887,y mQ7NHjVbdqnbYr9 L,13-738-297-6117,1258956.0245
736,Supplier#000000736,GUIYDfv5xCxLgDx6KQ8khY ntVVnFqmfMKIgT,13-681-806-8650,813043.2186
679,Supplier#000000679,BfsNlaP5nMnj,14-771-110-7666,878905.9283
756,Supplier#000000756,u83kAQaB2P4fCQlfgAiNkVbQI,17-726-757-7711,850837.4755
91,Supplier#000000091,35WVnU7GLNbQDcc2TARavGtk6RB6ZCd46UAY,13-604-986-9056,967813.4478
385,Supplier#000000385,X9nvgpdOUrup2,28-730-866-8837,731398.4546
634,Supplier#000000634,"K8UYwAQCCtk4Degu15XL,k8bMhh0TxagUeV",33-105-608-2902,752615.2590
921,Supplier#000000921,"ZNzg,SXxDld",12-670-146-9689,1021803.4434
470,Supplier#000000470,4OGPs qKpfQ6GNLIKhmbIE6e7fSMP8fmwi,29-165-289-1523,930228.2962
423,Supplier#000000423,"6oKeHpFxWioQ55ewe4,qaLZJC",34-577-174-3894,957987.6042
322,Supplier#000000322,GpYAOmo vQtFTaQ,16-803-605-4129,890362.6467
696,Supplier#000000696,"K4wgrSdZma4,GHmj",10-745-572-7198,905884.2810
718,Supplier#000000718,5RPt3ayAwdObIwDvkTU V,30-551-841-7946,930795.8078
878,Supplier#000000878,PMDDcCDMH3mxvuzv LCsV604ds7oT,18-462-213-5795,906587.6577
971,Supplier#000000971,ZX3Q66f2xoYyaibkoxffLeV6Qwf,13-380-957-8529,1097779.9069
590,Supplier#000000590,hJ9yzgWlCtPBYJ6wKrPmkGnxz4qL,19-277-247-1833,937672.6632
379,Supplier#000000379,"Itk4sjh7qNj,iGCZC",30-202-917-6929,855936.0382
856,Supplier#000000856,"70kjY2HFEqUSh9PI4JPLUHoK 7TQ,nv",14-216-125-2920,876967.6030
230,Supplier#000000230,8K7ZWVoFxRdnP22quW4NTCM,11-819-222-2128,1093929.6824
228,Supplier#000000228,Ct72ryCOQ8Rzi6FAj6Ppwe0 0,24-920-216-6514,904771.9457
964,Supplier#000000964,iBjR27aHk3oZkoJ5ObHRgmkedTuv1GpsBNkTjFdP,17-693-102-9498,896817.2914
896,Supplier#000000896,uwd1tPxa2ESNRqSxZE,17-790-100-9143,731534.1965
731,Supplier#000000731,Ouq oNogB26Wtpcp1c1PYR2XzUmJiIYN,31-306-298-2911,892908.0859
170,Supplier#000000170,ayz3a18xDGrr3jtS,33-803-340-5398,970003.7117
740,Supplier#000000740,"xISYluAkMFl4,kZFBbZTNnophaKdfweIr",33-714-391-9055,917065.9524
988,Supplier#000000988,OlyTXi4e2z9u9Xr7adrgYlqs,10-630-928-4130,905987.0809
935,Supplier#000000935,"JHRSOterYgt4MTNo7cupTzA,6MoNw 4",13-437-885-9309,941079.1237
657,Supplier#000000657,EQzYLK9veRU4SmmB2Bpd,13-546-747-5121,1017008.1767
192,Supplier#000000192,8xPZyX6Fhv2V6,25-585-189-5975,944528.5434
745,Supplier#000000745,hpQ5cur09gp4JfI3u4,31-469-792-6546,903089.7913
735,Supplier#000000735,UlA6 OQoTXZwp3XiT xw05WrhMBuSW,27-984-128-6691,886803.4533
675,Supplier#000000675,CPnv9f1UDd7BOlIAoww,25-499-280-9384,818917.5536
472,Supplier#000000472,"eFh5YR,CwPDELCzLj6puVzK7",30-976-134-3524,856966.8131
481,Supplier#000000481,6Al8Yob4roJY7BGMn,19-951-947-8520,878553.1911
656,Supplier#000000656,Fa3A9fKzywdi,29-633-362-8481,919712.0765
762,Supplier#000000762,l95MNgloZRydRCSQdtd15vsOPo6CYM8,30-393-711-8623,825114.4423
185,Supplier#000000185,"mWo,q59bGX",27-586-282-7422,698698.2279
884,Supplier#000000884,QEJm8KMHQ8,13-498-258-4793,820907.5182
877,Supplier#000000877,XtdRIWoPaS8vZ3VjDzeFdHHJkLSeqOJ7k,14-685-851-5424,834606.0943
518,Supplier#000000518,"LYPxnxT4sPHdn6UYidVQM,IU8rN6uIKI 8Y4",11-853-939-1266,884238.6006
119,Supplier#000000119,"Xoup f,CWtzUf2lv1it1TR3DLTf1dDVgO2O",28-558-264-1202,904402.5157
182,Supplier#000000182,hx83kOzqN2OGJs5gEKCW4z,17-825-333-7344,926712.7473
578,Supplier#000000578,"QDVh,rWWYUoBO4TFr aR1AuAh,gd",30-105-334-1726,892177.6958
497,Supplier#000000497,JfqAFpgnf6lAj HycOiNUrx2C8EBq,22-895-454-2151,867509.5183
406,Supplier#000000406,teJ6VTonlWRj7MCOuKRiL91KA,31-926-216-4352,754043.1803
236,Supplier#000000236,O1muyOZNFeu bN8BnoX,25-250-525-2436,970073.0696
722,Supplier#000000722,44tOlazmlW8kJk pbDeZUh9p,12-909-341-4605,965630.0087
254,Supplier#000000254,"PUJWEJshq58,cs",17-100-212-8737,804550.8830
439,Supplier#000000439,O7DoOwbpg8shr49Fy0mEJrgDigOvO9S2c Ngx4nY,19-415-856-7881,874859.0894
890,Supplier#000000890,u2T3JMNhMWNvJS91ruj90Vaqp8,21-196-765-4250,899914.8330
898,Supplier#000000898,7xNXAr6oRZpt0O,14-247-832-2299,864890.2944
463,Supplier#000000463,4cPWnRye6tBexleSY19QRBvzmb,10-178-678-7353,874579.6617
491,Supplier#000000491,F7PnOijaTN,10-361-729-1693,922338.7776
154,Supplier#000000154,"LpVZccF2rtGMlnD1BDn9QznAt,K2e09d9PC",23-471-808-2661,903219.8632
425,Supplier#000000425,RrgDmlL0PAnDkNY5NR7F,10-262-132-6639,929166.0386
739,Supplier#000000739,OT naEM1oQNRmVTyXf8AUg,21-304-934-6837,856319.4932
791,Supplier#000000791,ZNlL5U6ZGprn43F1dBKb0,32-320-959-1370,913937.9425
941,Supplier#000000941,LAkY3nD5Fs7JHHLbk2kFwG0HORdzBFjS9FML,31-412-752-5573,826027.5202
295,Supplier#000000295,LBETLRJ2RHV2t7 snCsxG,33-998-989-3147,836663.4117
833,Supplier#000000833,"JKYw2vx0SuwmsF,7LqWyW5h",27-470-524-5760,872507.0005
468,Supplier#000000468,80Bvm1zGP2I VnornYmLFmjdtPJAlgwZFCl,16-494-568-3545,873786.4878
157,Supplier#000000157,1EmkCApL5iF,13-776-259-5994,824768.0440
402,Supplier#000000402,JR8vWoCteJtJg3okRpt0r28KEo,13-109-731-3195,889440.1401
496,Supplier#000000496,QMWQx2utAqLlVtzkXD34POTPn dKN1,30-810-880-3654,880258.6398
925,Supplier#000000925,vXDWBL0AYSnOG2c1UZXkUzMCqF7b830I7wnxeY6,29-398-723-8226,912189.7834
511,Supplier#000000511,a4dN7nM05hmQ dWcxT3F,33-476-213-8045,907335.5089
