s_name,p_partkey,n_name,s_acctbal,min(ps_supplycost)
Supplier#000000574,13784,RUSSIA,8096.98,398.27
Supplier#000000949,9430,UNITED KINGDOM,91.39,382.52
Supplier#000000470,6213,ROMANIA,727.89,601.78
Supplier#000000138,8363,ROMANIA,906.07,337.51
Supplier#000000323,3563,RUSSIA,704.83,651.30
Supplier#000000812,10551,FRANCE,8615.50,259.65
Supplier#000000290,2037,FRANCE,167.56,339.06
Supplier#000000509,18972,FRANCE,4315.15,794.26
Supplier#000000690,9430,ROMANIA,7448.46,602.73
Supplier#000000563,5797,GERMANY,-942.73,628.11
Supplier#000000954,4191,FRANCE,6721.70,579.68
Supplier#000000149,18344,FRANCE,4518.31,712.75
Supplier#000000311,13784,RUSSIA,7431.00,650.34
Supplier#000000070,17268,FRANCE,9508.37,738.28
Supplier#000000409,2156,GERMANY,-820.89,218.39
Supplier#000000104,18103,FRANCE,1381.97,515.38
Supplier#000000771,13981,ROMANIA,2221.25,342.07
Supplier#000000016,1015,RUSSIA,2972.26,795.39
Supplier#000000121,13120,FRANCE,5733.61,535.02
Supplier#000000647,13120,UNITED KINGDOM,9828.21,115.29
Supplier#000000053,5797,GERMANY,6177.35,976.76
Supplier#000000812,13811,FRANCE,8615.50,268.73
Supplier#000000996,10735,GERMANY,6329.90,969.27
Supplier#000000367,6854,RUSSIA,8488.53,229.80
Supplier#000000802,10021,ROMANIA,9453.01,586.81
Supplier#000000007,13217,UNITED KINGDOM,6820.35,672.09
Supplier#000000553,8036,FRANCE,3526.53,291.29
Supplier#000000646,11384,FRANCE,8430.52,954.79
Supplier#000000959,4958,GERMANY,9032.15,682.03
Supplier#000000785,13784,RUSSIA,5364.99,140.41
Supplier#000000840,3080,ROMANIA,2963.09,410.85
Supplier#000000295,8036,UNITED KINGDOM,-435.02,945.45
Supplier#000000115,13325,UNITED KINGDOM,9192.10,45.45
Supplier#000000044,17242,GERMANY,9759.38,783.69
Supplier#000000651,4888,RUSSIA,683.07,915.39
Supplier#000000146,4637,RUSSIA,8271.39,629.92
Supplier#000000239,12238,RUSSIA,4672.25,209.27
Supplier#000000350,4841,GERMANY,3294.68,249.91
Supplier#000000333,11810,RUSSIA,8702.02,839.76
Supplier#000000276,13275,FRANCE,7144.78,764.25
Supplier#000000065,13275,RUSSIA,-963.79,624.33
Supplier#000000326,13325,GERMANY,4680.75,536.86
Supplier#000000243,17242,FRANCE,747.88,954.01
Supplier#000000070,3563,FRANCE,9508.37,346.01
Supplier#000000587,3080,GERMANY,5322.35,424.47
Supplier#000000799,11276,RUSSIA,765.69,10.79
Supplier#000000704,9926,ROMANIA,-845.44,89.07
Supplier#000000802,13275,ROMANIA,9453.01,296.20
Supplier#000000623,6854,GERMANY,5408.07,408.25
Supplier#000000553,17018,FRANCE,3526.53,255.77
Supplier#000000321,7320,ROMANIA,4941.88,35.36
Supplier#000000025,12238,RUSSIA,9198.31,793.09
Supplier#000000680,5679,RUSSIA,4586.49,19.04
Supplier#000000170,7655,UNITED KINGDOM,7392.78,317.54
Supplier#000000656,7655,ROMANIA,8069.74,799.17
Supplier#000000769,1015,FRANCE,165.76,929.07
Supplier#000000510,17242,ROMANIA,-314.06,191.94
Supplier#000000328,16327,GERMANY,5069.27,804.43
Supplier#000000574,323,RUSSIA,8096.98,574.84
Supplier#000000408,18139,RUSSIA,6173.87,418.71
Supplier#000000957,10956,UNITED KINGDOM,4324.51,893.81
Supplier#000000384,13120,GERMANY,1342.17,280.36
Supplier#000000477,10956,GERMANY,7205.20,765.75
