c_custkey,c_name,revenue,c_acctbal,n_name,c_address,c_phone,c_comment
8242,Customer#000008242,622786.7297,6322.09,ETHIOPIA,cYDWDiJt06B8CYzXX2L8x2hn1VFG,15-792-676-1184," regular theodolites affix. carefully ironic packages cajole deposits; slyly ironic packages wake quickly. regular,"
7714,Customer#000007714,557400.3053,9799.98,IRAN,9DDikq08GEE4B3X,20-922-418-6024,"even accounts should cajole. regular, regular"
11032,Customer#000011032,512500.9641,8496.93,UNITED KINGDOM,5igjoUgXoDUZVUIectL5lXO1T3AGKza0ft,33-102-772-3533,uests. ironic accounts after the fluffily fi
2455,Customer#000002455,481592.4053,2070.99,GERMANY,"a5DZ199yfAcFhfi2uwBE PKo,Z",17-946-225-9977,pinto beans alongside of the furiously ironic asymptotes are quickly even platelets: express
1966,Customer#000001966,444059.0382,1937.72,ALGERIA,"IbwZr7j QVifqf9WizOIWx,UXV9CqxUyrwj",10-973-269-8886,odolites across the unusual accounts hang carefully furiously bold excuses. regular pi
11026,Customer#000011026,417913.4142,7738.76,ALGERIA,4C iGzChcqnhGBdeeu,10-184-163-4632,"eposits cajole according to the furiously bold instructions. regular, regular dependencies wake carefully eve"
1565,Customer#000001565,412506.0062,1820.03,BRAZIL,n4acVpG0Deyj5aIFAfSNg Iu9cUagwN3OsRbKC 4,12-402-178-2007,"deposits; unusual, bold deposits around the f"
14398,Customer#000014398,408575.3600,-602.24,UNITED STATES,l49oKjbjQHz6YZwjo5wPihM lyYO6G,34-814-111-5424,es haggle fluffily blithely fluffy requests; slyly express req
1465,Customer#000001465,405055.3457,9365.93,INDIA,"zn9Q7pT6KlQp3T5mUO533aq,",18-807-487-1074,ress ideas cajole. slyly unusual theodolites cajole thin foxes. account
961,Customer#000000961,401198.1737,6963.68,JAPAN,W0SZ2oflx9aWTggtwSk3OEIXsubXTbGbD,22-989-463-6089,use furiously across the final deposits. quickly 
623,Customer#000000623,399883.4257,7887.60,INDONESIA,k3IlPSC4FKB13 hc6omhVs1ibvqeWEV,19-113-202-7085,se around the ideas. accounts cajole blithely slyly ironic requests. b
13478,Customer#000013478,395513.1358,-778.11,KENYA,"S5izwjM1 hCoUccO2JMepYwNyBSqI,ay",24-983-202-8240, requests boost quickly according to the express sheaves. blithely unusual packages sleep
11602,Customer#000011602,394418.1162,7760.77,JAPAN,"6BR,FbdhqBwirsXwdp2dzHFFK7",22-652-615-7931,"xes. blithely pending theodolites cajole outside the quickly final notornis. unusual, bus"
11644,Customer#000011644,392060.3035,6240.31,KENYA,"92wS4ujiYaL1Sh ,MK",24-940-540-7881, sleep across the slyly silent dependencies. quickly unusual packages along the express instructions slee
2224,Customer#000002224,385706.1386,2521.46,JORDAN,"wVSGOyjAD6DmJsbaYUg OqJzjdK,Na4l50mTYw",23-623-108-3568,st the final instructions. fluffily final deposits wake blithely. careful notornis mold slyly slyly express
2344,Customer#000002344,379812.0507,5597.22,MOROCCO,w2Yuiq7sKZ,25-593-745-7663,". bold, regular somas nag furio"
10384,Customer#000010384,376727.9768,3891.50,UNITED STATES,g5vN4 Rr0BdUoiXV3q71XUUc0ZWtVXLjMbubwV1,34-518-689-5506,ording to the furiously silent packages. slyly eve
4768,Customer#000004768,371998.0362,4999.69,INDONESIA,"HByt3eSvF2,2ulBm0A",19-863-984-6918,efully regular packages affix across the slyly unusual requests. qui
14773,Customer#000014773,371627.5721,3919.00,ARGENTINA,"PwIugvp42MN34hmtL,0r67eCyF,EFE",11-572-535-3069,quickly bold ideas across the quick
5677,Customer#000005677,369220.2032,9260.91,VIETNAM,"0YLT3hmA,K8LYDyXbFLOLzBmKpOSCo3wrK",31-915-164-1123,lar accounts. express packages 
