c_custkey,c_name,revenue,c_acctbal,n_name,c_address,c_phone,c_comment
8242,Customer#000008242,622786.7297,6322.09,ETHIOPIA,cYDWDiJt06B8CYzXX2L8x2hn1VFG,15-792-676-1184," regular theodolites affix. carefully ironic packages cajole deposits; slyly ironic packages wake quickly. regular,"
2455,Customer#000002455,481592.4053,2070.99,GERMANY,"a5DZ199yfAcFhfi2uwBE PKo,Z",17-946-225-9977,pinto beans alongside of the furiously ironic asymptotes are quickly even platelets: express
1966,Customer#000001966,444059.0382,1937.72,ALGERIA,"IbwZr7j QVifqf9WizOIWx,UXV9CqxUyrwj",10-973-269-8886,odolites across the unusual accounts hang carefully furiously bold excuses. regular pi
1565,Customer#000001565,412506.0062,1820.03,BRAZIL,n4acVpG0Deyj5aIFAfSNg Iu9cUagwN3OsRbKC 4,12-402-178-2007,"deposits; unusual, bold deposits around the f"
14398,Customer#000014398,408575.3600,-602.24,UNITED STATES,l49oKjbjQHz6YZwjo5wPihM lyYO6G,34-814-111-5424,es haggle fluffily blithely fluffy requests; slyly express req
1465,Customer#000001465,405055.3457,9365.93,INDIA,"zn9Q7pT6KlQp3T5mUO533aq,",18-807-487-1074,ress ideas cajole. slyly unusual theodolites cajole thin foxes. account
961,Customer#000000961,401198.1737,6963.68,JAPAN,W0SZ2oflx9aWTggtwSk3OEIXsubXTbGbD,22-989-463-6089,use furiously across the final deposits. quickly 
11644,Customer#000011644,392060.3035,6240.31,KENYA,"92wS4ujiYaL1Sh ,MK",24-940-540-7881, sleep across the slyly silent dependencies. quickly unusual packages along the express instructions slee
2224,Customer#000002224,385706.1386,2521.46,JORDAN,"wVSGOyjAD6DmJsbaYUg OqJzjdK,Na4l50mTYw",23-623-108-3568,st the final instructions. fluffily final deposits wake blithely. careful notornis mold slyly slyly express
2344,Customer#000002344,379812.0507,5597.22,MOROCCO,w2Yuiq7sKZ,25-593-745-7663,". bold, regular somas nag furio"
7528,Customer#000007528,378970.8570,6890.19,VIETNAM,"A5LQ4u19C,NKyN,lR",31-775-470-3974,notornis. slyly ironic courts sleep furiously; blithely express waters x-ray slyly. even ideas cajole.
10384,Customer#000010384,376727.9768,3891.50,UNITED STATES,g5vN4 Rr0BdUoiXV3q71XUUc0ZWtVXLjMbubwV1,34-518-689-5506,ording to the furiously silent packages. slyly eve
14773,Customer#000014773,371627.5721,3919.00,ARGENTINA,"PwIugvp42MN34hmtL,0r67eCyF,EFE",11-572-535-3069,quickly bold ideas across the quick
8023,Customer#000008023,362841.3557,9817.23,RUSSIA,LGkNJyILlx,32-510-963-4196,xcuses sleep furiously regular deposits. carefully bold requests dazzle carefully blith
181,Customer#000000181,361981.8954,3929.96,INDONESIA,"3dwI4Or4 9H1w8v,cuiMwpA",19-653-305-8440,ans unwind slyly against the dinos. 
2614,Customer#000002614,354357.0889,663.38,ROMANIA,b6u0xJUEv2tCRP6GZNNxyjEEyOc9uBjS22RKgb,29-740-430-9216,"efully pending foxes boost platelets. even, enticing"
12499,Customer#000012499,353116.6148,-104.59,MOZAMBIQUE,00duMvAXCN3,26-607-342-9289,ar deposits cajole slyly after the regular
5987,Customer#000005987,352523.8773,-259.21,BRAZIL,"GY8EJU6YLQ2hu,a4Z",12-181-374-9390,ronic platelets. quickly express requests affix furiously carefully regular ideas. slyly silent
11177,Customer#000011177,345670.9094,135.99,CANADA,",w0jX6XnHzTkC2qRRtA hIL3GHz0HD",13-151-607-8040,eodolites cajole. furiously special 
9289,Customer#000009289,342202.9007,6465.01,VIETNAM,yOS3pss0P75dHwF Rx,31-399-988-2761,kly against the blithely ironic deposits. final orbits nag
