c_custkey,c_name,revenue,c_acctbal,n_name,c_address,c_phone,c_comment
7714,Customer#000007714,557400.3053,9799.98,IRAN,9DDikq08GEE4B3X,20-922-418-6024,"even accounts should cajole. regular, regular"
2455,Customer#000002455,481592.4053,2070.99,GERMANY,"a5DZ199yfAcFhfi2uwBE PKo,Z",17-946-225-9977,pinto beans alongside of the furiously ironic asymptotes are quickly even platelets: express
13984,Customer#000013984,446316.5104,3482.28,IRAN,B13vxRBojwvP3,20-981-264-2952,"egular, ironic accounts integrate sly"
1966,Customer#000001966,444059.0382,1937.72,ALGERIA,"IbwZr7j QVifqf9WizOIWx,UXV9CqxUyrwj",10-973-269-8886,odolites across the unusual accounts hang carefully furiously bold excuses. regular pi
8501,Customer#000008501,412797.5100,6906.70,ARGENTINA,UTUQLX cQrF1UUJPsz,11-317-552-5840, packages. pending Tiresias after the regularly express forges haggle fina
1565,Customer#000001565,412506.0062,1820.03,BRAZIL,n4acVpG0Deyj5aIFAfSNg Iu9cUagwN3OsRbKC 4,12-402-178-2007,"deposits; unusual, bold deposits around the f"
961,Customer#000000961,401198.1737,6963.68,JAPAN,W0SZ2oflx9aWTggtwSk3OEIXsubXTbGbD,22-989-463-6089,use furiously across the final deposits. quickly 
14819,Customer#000014819,396271.1036,7308.39,FRANCE,wS8yiQtE63FfoO6RKUzuVf6iBTmXBq16u,16-769-398-7926,ending asymptotes use fluffily quickly bold instructions. slyly bold dependencies sleep carefully pending a
13478,Customer#000013478,395513.1358,-778.11,KENYA,"S5izwjM1 hCoUccO2JMepYwNyBSqI,ay",24-983-202-8240, requests boost quickly according to the express sheaves. blithely unusual packages sleep
11644,Customer#000011644,392060.3035,6240.31,KENYA,"92wS4ujiYaL1Sh ,MK",24-940-540-7881, sleep across the slyly silent dependencies. quickly unusual packages along the express instructions slee
7528,Customer#000007528,378970.8570,6890.19,VIETNAM,"A5LQ4u19C,NKyN,lR",31-775-470-3974,notornis. slyly ironic courts sleep furiously; blithely express waters x-ray slyly. even ideas cajole.
4768,Customer#000004768,371998.0362,4999.69,INDONESIA,"HByt3eSvF2,2ulBm0A",19-863-984-6918,efully regular packages affix across the slyly unusual requests. qui
14773,Customer#000014773,371627.5721,3919.00,ARGENTINA,"PwIugvp42MN34hmtL,0r67eCyF,EFE",11-572-535-3069,quickly bold ideas across the quick
5677,Customer#000005677,369220.2032,9260.91,VIETNAM,"0YLT3hmA,K8LYDyXbFLOLzBmKpOSCo3wrK",31-915-164-1123,lar accounts. express packages 
181,Customer#000000181,361981.8954,3929.96,INDONESIA,"3dwI4Or4 9H1w8v,cuiMwpA",19-653-305-8440,ans unwind slyly against the dinos. 
12016,Customer#000012016,357744.7863,5540.68,CHINA,ICKxmXbBwSs,28-156-121-7280,haggle. foxes affix furiously. fluffily express 
12499,Customer#000012499,353116.6148,-104.59,MOZAMBIQUE,00duMvAXCN3,26-607-342-9289,ar deposits cajole slyly after the regular
6632,Customer#000006632,347279.6660,9324.80,BRAZIL,5lnm0Lkw8MmMHwLfK,12-979-552-7277,"es boost carefully packages; ironic, even requests integrate across the bold deposits. deposits detect qui"
11177,Customer#000011177,345670.9094,135.99,CANADA,",w0jX6XnHzTkC2qRRtA hIL3GHz0HD",13-151-607-8040,eodolites cajole. furiously special 
1894,Customer#000001894,342713.5160,5415.55,JAPAN,40gidHQ0DOJvkPg,22-832-993-2803,nusual ideas. regular deposits about the furiously bold theodolites haggle among the closely ironic w
