c_custkey,c_name,revenue,c_acctbal,n_name,c_address,c_phone,c_comment
7714,Customer#000007714,557400.3053,9799.98,IRAN,9DDikq08GEE4B3X,20-922-418-6024,"even accounts should cajole. regular, regular"
2455,Customer#000002455,481592.4053,2070.99,GERMANY,"a5DZ199yfAcFhfi2uwBE PKo,Z",17-946-225-9977,pinto beans alongside of the furiously ironic asymptotes are quickly even platelets: express
12106,Customer#000012106,479414.2133,5342.11,UNITED STATES,wyJXywcExUxt,34-905-346-4472,blithely blithely final attainments? carefully special pinto beans around the quickly even asymptote
8530,Customer#000008530,457855.9467,9734.95,MOROCCO,leatyNRWCnfTMnTNuDGHsWJjRuAX,25-736-932-5850, the carefully pending packages. carefully 
1966,Customer#000001966,444059.0382,1937.72,ALGERIA,"IbwZr7j QVifqf9WizOIWx,UXV9CqxUyrwj",10-973-269-8886,odolites across the unusual accounts hang carefully furiously bold excuses. regular pi
1465,Customer#000001465,405055.3457,9365.93,INDIA,"zn9Q7pT6KlQp3T5mUO533aq,",18-807-487-1074,ress ideas cajole. slyly unusual theodolites cajole thin foxes. account
14299,Customer#000014299,400968.3751,6595.97,RUSSIA,"UFlOs8tQ,IfZPJm57",32-156-618-1224,"slyly. ironic, bold deposits sleep blithely ironic, pending attainm"
9151,Customer#000009151,396562.0295,5691.95,IRAQ,"UKiN9OQupR,m5NtvSntbI8JBeo",21-834-147-4906,"the deposits. pending, ironic foxes haggle along the regular, bold req"
14819,Customer#000014819,396271.1036,7308.39,FRANCE,wS8yiQtE63FfoO6RKUzuVf6iBTmXBq16u,16-769-398-7926,ending asymptotes use fluffily quickly bold instructions. slyly bold dependencies sleep carefully pending a
2224,Customer#000002224,385706.1386,2521.46,JORDAN,"wVSGOyjAD6DmJsbaYUg OqJzjdK,Na4l50mTYw",23-623-108-3568,st the final instructions. fluffily final deposits wake blithely. careful notornis mold slyly slyly express
10384,Customer#000010384,376727.9768,3891.50,UNITED STATES,g5vN4 Rr0BdUoiXV3q71XUUc0ZWtVXLjMbubwV1,34-518-689-5506,ording to the furiously silent packages. slyly eve
14773,Customer#000014773,371627.5721,3919.00,ARGENTINA,"PwIugvp42MN34hmtL,0r67eCyF,EFE",11-572-535-3069,quickly bold ideas across the quick
5677,Customer#000005677,369220.2032,9260.91,VIETNAM,"0YLT3hmA,K8LYDyXbFLOLzBmKpOSCo3wrK",31-915-164-1123,lar accounts. express packages 
8023,Customer#000008023,362841.3557,9817.23,RUSSIA,LGkNJyILlx,32-510-963-4196,xcuses sleep furiously regular deposits. carefully bold requests dazzle carefully blith
181,Customer#000000181,361981.8954,3929.96,INDONESIA,"3dwI4Or4 9H1w8v,cuiMwpA",19-653-305-8440,ans unwind slyly against the dinos. 
2104,Customer#000002104,347738.1762,5533.39,UNITED STATES,Wc1lasNFJlX,34-786-781-9766, furiously bold theodolites use sl
11011,Customer#000011011,342392.6260,3204.07,CANADA,Lcqu0eiaNMF0TFGvN,13-454-800-6046,s. final accounts integrate regul
14002,Customer#000014002,338900.7442,6545.37,PERU,cGp9zJCvQUHnU2fG2XC1QL,27-776-171-5946,"s. carefully regular instructions are above the regular, bold "
10939,Customer#000010939,336777.7645,1435.11,ROMANIA,"t9,Ot8vec,PNjL",29-811-297-6456,"oss the pending, final packages. ironic requests sleep. special ideas believe furi"
2905,Customer#000002905,334557.9600,8555.09,JAPAN,Kcxgd9EpZHLm40S58PSNJ4Upvtc7r8gDpZ,22-729-526-1554,"ual pinto beans nag above the carefully regular pinto beans. special, stealthy accounts breach s"
