c_custkey,c_name,revenue,c_acctbal,n_name,c_address,c_phone,c_comment
12106,Customer#000012106,479414.2133,5342.11,UNITED STATES,wyJXywcExUxt,34-905-346-4472,blithely blithely final attainments? carefully special pinto beans around the quickly even asymptote
13984,Customer#000013984,446316.5104,3482.28,IRAN,B13vxRBojwvP3,20-981-264-2952,"egular, ironic accounts integrate sly"
1565,Customer#000001565,412506.0062,1820.03,BRAZIL,n4acVpG0Deyj5aIFAfSNg Iu9cUagwN3OsRbKC 4,12-402-178-2007,"deposits; unusual, bold deposits around the f"
14398,Customer#000014398,408575.3600,-602.24,UNITED STATES,l49oKjbjQHz6YZwjo5wPihM lyYO6G,34-814-111-5424,es haggle fluffily blithely fluffy requests; slyly express req
12595,Customer#000012595,401402.2391,-6.92,INDIA,gEMQ3WO90vSdAgxLFrt9FRS,18-186-132-3352, slyly dogged excuses. blithely blithe packages cajole
961,Customer#000000961,401198.1737,6963.68,JAPAN,W0SZ2oflx9aWTggtwSk3OEIXsubXTbGbD,22-989-463-6089,use furiously across the final deposits. quickly 
9151,Customer#000009151,396562.0295,5691.95,IRAQ,"UKiN9OQupR,m5NtvSntbI8JBeo",21-834-147-4906,"the deposits. pending, ironic foxes haggle along the regular, bold req"
14819,Customer#000014819,396271.1036,7308.39,FRANCE,wS8yiQtE63FfoO6RKUzuVf6iBTmXBq16u,16-769-398-7926,ending asymptotes use fluffily quickly bold instructions. slyly bold dependencies sleep carefully pending a
13478,Customer#000013478,395513.1358,-778.11,KENYA,"S5izwjM1 hCoUccO2JMepYwNyBSqI,ay",24-983-202-8240, requests boost quickly according to the express sheaves. blithely unusual packages sleep
11644,Customer#000011644,392060.3035,6240.31,KENYA,"92wS4ujiYaL1Sh ,MK",24-940-540-7881, sleep across the slyly silent dependencies. quickly unusual packages along the express instructions slee
7528,Customer#000007528,378970.8570,6890.19,VIETNAM,"A5LQ4u19C,NKyN,lR",31-775-470-3974,notornis. slyly ironic courts sleep furiously; blithely express waters x-ray slyly. even ideas cajole.
4768,Customer#000004768,371998.0362,4999.69,INDONESIA,"HByt3eSvF2,2ulBm0A",19-863-984-6918,efully regular packages affix across the slyly unusual requests. qui
5677,Customer#000005677,369220.2032,9260.91,VIETNAM,"0YLT3hmA,K8LYDyXbFLOLzBmKpOSCo3wrK",31-915-164-1123,lar accounts. express packages 
8023,Customer#000008023,362841.3557,9817.23,RUSSIA,LGkNJyILlx,32-510-963-4196,xcuses sleep furiously regular deposits. carefully bold requests dazzle carefully blith
181,Customer#000000181,361981.8954,3929.96,INDONESIA,"3dwI4Or4 9H1w8v,cuiMwpA",19-653-305-8440,ans unwind slyly against the dinos. 
12016,Customer#000012016,357744.7863,5540.68,CHINA,ICKxmXbBwSs,28-156-121-7280,haggle. foxes affix furiously. fluffily express 
12499,Customer#000012499,353116.6148,-104.59,MOZAMBIQUE,00duMvAXCN3,26-607-342-9289,ar deposits cajole slyly after the regular
5987,Customer#000005987,352523.8773,-259.21,BRAZIL,"GY8EJU6YLQ2hu,a4Z",12-181-374-9390,ronic platelets. quickly express requests affix furiously carefully regular ideas. slyly silent
2104,Customer#000002104,347738.1762,5533.39,UNITED STATES,Wc1lasNFJlX,34-786-781-9766, furiously bold theodolites use sl
1894,Customer#000001894,342713.5160,5415.55,JAPAN,40gidHQ0DOJvkPg,22-832-993-2803,nusual ideas. regular deposits about the furiously bold theodolites haggle among the closely ironic w
