{"0": ["sum_qty", {"l_returnflag": "A", "l_linestatus": "F"}], "1": ["sum_qty", {"l_returnflag": "N", "l_linestatus": "F"}], "2": ["sum_qty", {"l_returnflag": "N", "l_linestatus": "O"}], "3": ["sum_qty", {"l_returnflag": "R", "l_linestatus": "F"}], "4": ["sum_base_price", {"l_returnflag": "A", "l_linestatus": "F"}], "5": ["sum_base_price", {"l_returnflag": "N", "l_linestatus": "F"}], "6": ["sum_base_price", {"l_returnflag": "N", "l_linestatus": "O"}], "7": ["sum_base_price", {"l_returnflag": "R", "l_linestatus": "F"}], "8": ["sum_disc_price", {"l_returnflag": "A", "l_linestatus": "F"}], "9": ["sum_disc_price", {"l_returnflag": "N", "l_linestatus": "F"}], "10": ["sum_disc_price", {"l_returnflag": "N", "l_linestatus": "O"}], "11": ["sum_disc_price", {"l_returnflag": "R", "l_linestatus": "F"}], "12": ["sum_charge", {"l_returnflag": "A", "l_linestatus": "F"}], "13": ["sum_charge", {"l_returnflag": "N", "l_linestatus": "F"}], "14": ["sum_charge", {"l_returnflag": "N", "l_linestatus": "O"}], "15": ["sum_charge", {"l_returnflag": "R", "l_linestatus": "F"}], "16": ["avg_qty", {"l_returnflag": "A", "l_linestatus": "F"}], "17": ["avg_qty", {"l_returnflag": "N", "l_linestatus": "F"}], "18": ["avg_qty", {"l_returnflag": "N", "l_linestatus": "O"}], "19": ["avg_qty", {"l_returnflag": "R", "l_linestatus": "F"}], "20": ["avg_price", {"l_returnflag": "A", "l_linestatus": "F"}], "21": ["avg_price", {"l_returnflag": "N", "l_linestatus": "F"}], "22": ["avg_price", {"l_returnflag": "N", "l_linestatus": "O"}], "23": ["avg_price", {"l_returnflag": "R", "l_linestatus": "F"}], "24": ["avg_disc", {"l_returnflag": "A", "l_linestatus": "F"}], "25": ["avg_disc", {"l_returnflag": "N", "l_linestatus": "F"}], "26": ["avg_disc", {"l_returnflag": "N", "l_linestatus": "O"}], "27": ["avg_disc", {"l_returnflag": "R", "l_linestatus": "F"}], "28": ["count_order", {"l_returnflag": "A", "l_linestatus": "F"}], "29": ["count_order", {"l_returnflag": "N", "l_linestatus": "F"}], "30": ["count_order", {"l_returnflag": "N", "l_linestatus": "O"}], "31": ["count_order", {"l_returnflag": "R", "l_linestatus": "F"}]}