s_name,numwait
Supplier#000000357,3
Supplier#000000762,4
Supplier#000000399,13
Supplier#000000889,4
Supplier#000000144,12
Supplier#000000380,2
Supplier#000000415,2
Supplier#000000445,1
Supplier#000000778,6
Supplier#000000825,5
Supplier#000000074,6
Supplier#000000503,4
Supplier#000000602,2
Supplier#000000659,4
Supplier#000000673,3
Supplier#000000709,3
Supplier#000000167,4
Supplier#000000262,-1
Supplier#000000486,4
Supplier#000000496,3
Supplier#000000578,2
Supplier#000000633,7
Supplier#000000669,5
Supplier#000000687,1
Supplier#000000718,3
Supplier#000000977,6
Supplier#000000188,2
Supplier#000000379,0
Supplier#000000472,5
Supplier#000000708,3
Supplier#000000821,6
Supplier#000000918,2
Supplier#000000929,2
Supplier#000000114,2
Supplier#000000427,1
Supplier#000000500,5
Supplier#000000610,1
Supplier#000000660,2
Supplier#000000670,4
Supplier#000000811,2
Supplier#000000846,4
Supplier#000000436,4
Supplier#000000460,5
Supplier#000000565,4
Supplier#000000648,5
Supplier#000000788,1
Supplier#000000920,1
