c_custkey,c_name,c_acctbal,c_phone,n_name,c_address,c_comment,revenue
8242,Customer#000008242,6322.09,15-792-676-1184,ETHIOPIA,cYDWDiJt06B8CYzXX2L8x2hn1VFG," regular theodolites affix. carefully ironic packages cajole deposits; slyly ironic packages wake quickly. regular,",622786.7297
2455,Customer#000002455,2070.99,17-946-225-9977,GERMANY,"a5DZ199yfAcFhfi2uwBE PKo,Z",pinto beans alongside of the furiously ironic asymptotes are quickly even platelets: express,481592.4053
1966,Customer#000001966,1937.72,10-973-269-8886,ALGERIA,"IbwZr7j QVifqf9WizOIWx,UXV9CqxUyrwj",odolites across the unusual accounts hang carefully furiously bold excuses. regular pi,444059.0382
1565,Customer#000001565,1820.03,12-402-178-2007,BRAZIL,n4acVpG0Deyj5aIFAfSNg Iu9cUagwN3OsRbKC 4,"deposits; unusual, bold deposits around the f",412506.0061
14398,Customer#000014398,-602.24,34-814-111-5424,UNITED STATES,l49oKjbjQHz6YZwjo5wPihM lyYO6G,es haggle fluffily blithely fluffy requests; slyly express req,408575.3600
1465,Customer#000001465,9365.93,18-807-487-1074,INDIA,"zn9Q7pT6KlQp3T5mUO533aq,",ress ideas cajole. slyly unusual theodolites cajole thin foxes. account,405055.3456
961,Customer#000000961,6963.68,22-989-463-6089,JAPAN,W0SZ2oflx9aWTggtwSk3OEIXsubXTbGbD,use furiously across the final deposits. quickly ,401198.1736
11644,Customer#000011644,6240.31,24-940-540-7881,KENYA,"92wS4ujiYaL1Sh ,MK", sleep across the slyly silent dependencies. quickly unusual packages along the express instructions slee,392060.3035
2224,Customer#000002224,2521.46,23-623-108-3568,JORDAN,"wVSGOyjAD6DmJsbaYUg OqJzjdK,Na4l50mTYw",st the final instructions. fluffily final deposits wake blithely. careful notornis mold slyly slyly express,385706.1385
2344,Customer#000002344,5597.22,25-593-745-7663,MOROCCO,w2Yuiq7sKZ,". bold, regular somas nag furio",379812.0506
7528,Customer#000007528,6890.19,31-775-470-3974,VIETNAM,"A5LQ4u19C,NKyN,lR",notornis. slyly ironic courts sleep furiously; blithely express waters x-ray slyly. even ideas cajole.,378970.8570
10384,Customer#000010384,3891.50,34-518-689-5506,UNITED STATES,g5vN4 Rr0BdUoiXV3q71XUUc0ZWtVXLjMbubwV1,ording to the furiously silent packages. slyly eve,376727.9768
14773,Customer#000014773,3919.00,11-572-535-3069,ARGENTINA,"PwIugvp42MN34hmtL,0r67eCyF,EFE",quickly bold ideas across the quick,371627.5721
8023,Customer#000008023,9817.23,32-510-963-4196,RUSSIA,LGkNJyILlx,xcuses sleep furiously regular deposits. carefully bold requests dazzle carefully blith,362841.3557
181,Customer#000000181,3929.96,19-653-305-8440,INDONESIA,"3dwI4Or4 9H1w8v,cuiMwpA",ans unwind slyly against the dinos. ,361981.8953
2614,Customer#000002614,663.38,29-740-430-9216,ROMANIA,b6u0xJUEv2tCRP6GZNNxyjEEyOc9uBjS22RKgb,"efully pending foxes boost platelets. even, enticing",354357.0888
12499,Customer#000012499,-104.59,26-607-342-9289,MOZAMBIQUE,00duMvAXCN3,ar deposits cajole slyly after the regular,353116.6147
5987,Customer#000005987,-259.21,12-181-374-9390,BRAZIL,"GY8EJU6YLQ2hu,a4Z",ronic platelets. quickly express requests affix furiously carefully regular ideas. slyly silent,352523.8773
11177,Customer#000011177,135.99,13-151-607-8040,CANADA,",w0jX6XnHzTkC2qRRtA hIL3GHz0HD",eodolites cajole. furiously special ,345670.9094
9289,Customer#000009289,6465.01,31-399-988-2761,VIETNAM,yOS3pss0P75dHwF Rx,kly against the blithely ironic deposits. final orbits nag,342202.9007
12106,Customer#000012106,5342.11,34-905-346-4472,UNITED STATES,wyJXywcExUxt,blithely blithely final attainments? carefully special pinto beans around the quickly even asymptote,479414.2133
13984,Customer#000013984,3482.28,20-981-264-2952,IRAN,B13vxRBojwvP3,"egular, ironic accounts integrate sly",446316.5104
12595,Customer#000012595,-6.92,18-186-132-3352,INDIA,gEMQ3WO90vSdAgxLFrt9FRS, slyly dogged excuses. blithely blithe packages cajole,401402.2391
9151,Customer#000009151,5691.95,21-834-147-4906,IRAQ,"UKiN9OQupR,m5NtvSntbI8JBeo","the deposits. pending, ironic foxes haggle along the regular, bold req",396562.0294
14819,Customer#000014819,7308.39,16-769-398-7926,FRANCE,wS8yiQtE63FfoO6RKUzuVf6iBTmXBq16u,ending asymptotes use fluffily quickly bold instructions. slyly bold dependencies sleep carefully pending a,396271.1035
13478,Customer#000013478,-778.11,24-983-202-8240,KENYA,"S5izwjM1 hCoUccO2JMepYwNyBSqI,ay", requests boost quickly according to the express sheaves. blithely unusual packages sleep,395513.1358
4768,Customer#000004768,4999.69,19-863-984-6918,INDONESIA,"HByt3eSvF2,2ulBm0A",efully regular packages affix across the slyly unusual requests. qui,371998.0361
5677,Customer#000005677,9260.91,31-915-164-1123,VIETNAM,"0YLT3hmA,K8LYDyXbFLOLzBmKpOSCo3wrK",lar accounts. express packages ,369220.2032
12016,Customer#000012016,5540.68,28-156-121-7280,CHINA,ICKxmXbBwSs,haggle. foxes affix furiously. fluffily express ,357744.7863
2104,Customer#000002104,5533.39,34-786-781-9766,UNITED STATES,Wc1lasNFJlX, furiously bold theodolites use sl,347738.1762
1894,Customer#000001894,5415.55,22-832-993-2803,JAPAN,40gidHQ0DOJvkPg,nusual ideas. regular deposits about the furiously bold theodolites haggle among the closely ironic w,342713.5160
7714,Customer#000007714,9799.98,20-922-418-6024,IRAN,9DDikq08GEE4B3X,"even accounts should cajole. regular, regular",557400.3053
8501,Customer#000008501,6906.70,11-317-552-5840,ARGENTINA,UTUQLX cQrF1UUJPsz, packages. pending Tiresias after the regularly express forges haggle fina,412797.5099
6632,Customer#000006632,9324.80,12-979-552-7277,BRAZIL,5lnm0Lkw8MmMHwLfK,"es boost carefully packages; ironic, even requests integrate across the bold deposits. deposits detect qui",347279.6660
8530,Customer#000008530,9734.95,25-736-932-5850,MOROCCO,leatyNRWCnfTMnTNuDGHsWJjRuAX, the carefully pending packages. carefully ,457855.9467
14299,Customer#000014299,6595.97,32-156-618-1224,RUSSIA,"UFlOs8tQ,IfZPJm57","slyly. ironic, bold deposits sleep blithely ironic, pending attainm",400968.3751
11011,Customer#000011011,3204.07,13-454-800-6046,CANADA,Lcqu0eiaNMF0TFGvN,s. final accounts integrate regul,342392.6259
14002,Customer#000014002,6545.37,27-776-171-5946,PERU,cGp9zJCvQUHnU2fG2XC1QL,"s. carefully regular instructions are above the regular, bold ",338900.7442
10939,Customer#000010939,1435.11,29-811-297-6456,ROMANIA,"t9,Ot8vec,PNjL","oss the pending, final packages. ironic requests sleep. special ideas believe furi",336777.7645
2905,Customer#000002905,8555.09,22-729-526-1554,JAPAN,Kcxgd9EpZHLm40S58PSNJ4Upvtc7r8gDpZ,"ual pinto beans nag above the carefully regular pinto beans. special, stealthy accounts breach s",334557.9600
11032,Customer#000011032,8496.93,33-102-772-3533,UNITED KINGDOM,5igjoUgXoDUZVUIectL5lXO1T3AGKza0ft,uests. ironic accounts after the fluffily fi,512500.9641
11026,Customer#000011026,7738.76,10-184-163-4632,ALGERIA,4C iGzChcqnhGBdeeu,"eposits cajole according to the furiously bold instructions. regular, regular dependencies wake carefully eve",417913.4142
623,Customer#000000623,7887.60,19-113-202-7085,INDONESIA,k3IlPSC4FKB13 hc6omhVs1ibvqeWEV,se around the ideas. accounts cajole blithely slyly ironic requests. b,399883.4256
11602,Customer#000011602,7760.77,22-652-615-7931,JAPAN,"6BR,FbdhqBwirsXwdp2dzHFFK7","xes. blithely pending theodolites cajole outside the quickly final notornis. unusual, bus",394418.1162
9283,Customer#000009283,9609.40,12-403-990-9346,BRAZIL,cgdgkSDm8H3u5M5YPnjtBZlmao2EAMF,"l grouches doubt carefully even dependencies. express, enticing accounts cajole fur",350466.3710
9011,Customer#000009011,7665.61,34-330-685-5116,UNITED STATES,U86U7e4bWyv34nxl6LEKzmf,l excuses was epitaphs. carefully final foxes accordin,341600.6933
2426,Customer#000002426,2708.47,25-410-418-8923,MOROCCO,MpZVRy3ypUubfZvbTf4h1SF,y ironic requests. even instructions cajole express instructions. bl,341024.9937
14872,Customer#000014872,155.08,18-766-990-8843,INDIA,gfq4d dr61cG6kZasU h9FhDLz8lQ, final pinto beans sleep furiously slyly thin ,340677.1550
5875,Customer#000005875,4907.38,15-605-672-5541,ETHIOPIA,aY9kl8Xt2wBqp4DF6qJqJUc9hw5cr72,eep blithely bold ideas. blithely regular foxes snooze fluffily furiously final orbits. idle,340301.4494
2803,Customer#000002803,6519.74,18-125-144-9038,INDIA,8qBWvHKpzs,"ly final requests against the ironic accounts use quickly according to the ironic, silent dependencies. d",339790.9498
11845,Customer#000011845,1708.65,25-315-271-2552,MOROCCO,nIIu5 1AQ4SuY,riously final foxes. final requests,337445.9918
14099,Customer#000014099,7982.61,23-990-322-1053,JORDAN,1RdMlhI FK9I,fully across the accounts. silen,334432.7340
2230,Customer#000002230,3103.00,24-253-371-2838,KENYA,"F2pEKm5aKutj21NAe64JmTx,QubnqZDR8YX","ges sleep even, regular instructions. slyly final requests are sl",325786.6936
14749,Customer#000014749,5395.12,25-579-179-6262,MOROCCO,ZNih4R39vpceh41ORB6,"y pending accounts cajole among the quickly special accounts? special,",333093.3054
1337,Customer#000001337,7882.44,32-528-594-1931,RUSSIA,"roqehNY3NvZpoKjAkeN,q3",ideas. silently silent accounts cajole carefully among the ,332559.7331
4312,Customer#000004312,8928.80,17-953-302-2406,GERMANY,XXoJkouIqyyV6skYzSrxMH3stgPxfOTZx," furiously ironic accounts nag blithely about the regular, final theodolites.",320202.1483
3304,Customer#000003304,6671.05,25-461-139-2481,MOROCCO,K8IFUX iOYFaBjDiJUbNWvFzjoFCIV,dencies. slyly ironic packages are slyly final packages. ,325547.5422
5452,Customer#000005452,2561.25,20-194-232-6591,IRAN,"rxGmVuPp,pVF lpkp0hLxUVZ1bdmtNeGuNT2uEl"," blithely dogged excuses haggle across the even, ironic deposits.",330792.3992
12226,Customer#000012226,1850.48,19-265-644-3796,INDONESIA,08fy8Pc0NmrqAiAYPZuOOD55dV3tbOmtJX4z6,. quickly bold theodolites grow quickly; requests along the deposits cajole furiously around the slyly s,323369.1017
3541,Customer#000003541,7052.19,26-551-286-8801,MOZAMBIQUE,ye4dLVD7hS2cbIL956lC,"ular ideas wake bold, unusual deposits. fluffily sly accounts sleep carefully. accounts ",319976.9349
11866,Customer#000011866,3380.37,33-807-163-1247,UNITED KINGDOM,"hdAdp5v,AYqoX24svKZw1UGEXmQ",ep at the furiously final requests. accounts sleep blithely bold foxes? blithely ironic ideas u,316999.3436
9986,Customer#000009986,-196.72,26-349-647-1183,MOZAMBIQUE,"yKAZSS,DElfPsdFKAqaNz0I",quickly furiously regular requests. regular,316228.2307
13154,Customer#000013154,5734.33,21-234-792-9905,IRAQ,TiGW5iXEBVwmpgYbGAMsKg,". express, final accounts nod fluffily after the clo",314377.3724
