s_name,p_partkey,n_name,s_acctbal,min(ps_supplycost)
Supplier#000000146,4637,RUSSIA,8271.39,629.93
Supplier#000000799,11276,RUSSIA,765.69,10.80
Supplier#000000553,8036,FRANCE,3526.53,291.29
Supplier#000000553,17018,FRANCE,3526.53,255.77
Supplier#000000350,4841,GERMANY,3294.68,249.91
Supplier#000000646,11384,FRANCE,8430.52,954.79
Supplier#000000587,3080,GERMANY,5322.35,424.47
Supplier#000000070,17268,FRANCE,9508.37,738.28
Supplier#000000239,12238,RUSSIA,4672.25,209.27
Supplier#000000070,3563,FRANCE,9508.37,346.02
Supplier#000000333,11810,RUSSIA,8702.02,839.77
Supplier#000000510,17242,ROMANIA,-314.06,191.95
Supplier#000000409,2156,GERMANY,-820.89,218.40
Supplier#000000321,7320,ROMANIA,4941.88,35.37
Supplier#000000949,9430,UNITED KINGDOM,91.39,382.52
Supplier#000000104,18103,FRANCE,1381.97,515.38
Supplier#000000326,13325,GERMANY,4680.75,536.86
Supplier#000000957,10956,UNITED KINGDOM,4324.51,893.82
Supplier#000000574,13784,RUSSIA,8096.98,398.27
Supplier#000000290,2037,FRANCE,167.56,339.06
Supplier#000000996,10735,GERMANY,6329.90,969.27
Supplier#000000647,13120,UNITED KINGDOM,9828.21,115.29
Supplier#000000328,16327,GERMANY,5069.27,804.44
Supplier#000000802,13275,ROMANIA,9453.01,296.21
Supplier#000000651,4888,RUSSIA,683.07,915.40
Supplier#000000367,6854,RUSSIA,8488.53,229.80
