s_name,p_partkey,n_name,s_acctbal,min(ps_supplycost)
Supplier#000000146,4637,RUSSIA,8271.39,629.93
Supplier#000000799,11276,RUSSIA,765.69,10.80
Supplier#000000350,4841,GERMANY,3294.68,249.91
Supplier#000000704,9926,ROMANIA,-845.44,89.07
Supplier#000000623,6854,GERMANY,5408.07,408.25
Supplier#000000070,17268,FRANCE,9508.37,738.28
Supplier#000000802,10021,ROMANIA,9453.01,586.82
Supplier#000000408,18139,RUSSIA,6173.87,418.71
Supplier#000000070,3563,FRANCE,9508.37,346.02
Supplier#000000509,18972,FRANCE,4315.15,794.26
Supplier#000000812,13811,FRANCE,8615.50,268.74
Supplier#000000321,7320,ROMANIA,4941.88,35.37
Supplier#000000949,9430,UNITED KINGDOM,91.39,382.52
Supplier#000000170,7655,UNITED KINGDOM,7392.78,317.54
Supplier#000000771,13981,ROMANIA,2221.25,342.07
Supplier#000000840,3080,ROMANIA,2963.09,410.85
Supplier#000000563,5797,GERMANY,-942.73,628.11
Supplier#000000574,13784,RUSSIA,8096.98,398.27
Supplier#000000647,13120,UNITED KINGDOM,9828.21,115.29
Supplier#000000016,1015,RUSSIA,2972.26,795.39
Supplier#000000651,4888,RUSSIA,683.07,915.40
Supplier#000000802,13275,ROMANIA,9453.01,296.21
Supplier#000000470,6213,ROMANIA,727.89,601.78
