s_name,p_partkey,n_name,s_acctbal,min(ps_supplycost)
Supplier#000000799,11276,RUSSIA,765.69,10.80
Supplier#000000065,13275,RUSSIA,-963.79,624.33
Supplier#000000149,18344,FRANCE,4518.31,712.75
Supplier#000000553,8036,FRANCE,3526.53,291.29
Supplier#000000553,17018,FRANCE,3526.53,255.77
Supplier#000000070,17268,FRANCE,9508.37,738.28
Supplier#000000007,13217,UNITED KINGDOM,6820.35,672.09
Supplier#000000333,11810,RUSSIA,8702.02,839.77
Supplier#000000802,10021,ROMANIA,9453.01,586.82
Supplier#000000409,2156,GERMANY,-820.89,218.40
Supplier#000000239,12238,RUSSIA,4672.25,209.27
Supplier#000000044,17242,GERMANY,9759.38,783.70
Supplier#000000104,18103,FRANCE,1381.97,515.38
Supplier#000000812,10551,FRANCE,8615.50,259.66
Supplier#000000812,13811,FRANCE,8615.50,268.74
Supplier#000000323,3563,RUSSIA,704.83,651.31
Supplier#000000115,13325,UNITED KINGDOM,9192.10,45.45
Supplier#000000170,7655,UNITED KINGDOM,7392.78,317.54
Supplier#000000771,13981,ROMANIA,2221.25,342.07
Supplier#000000957,10956,UNITED KINGDOM,4324.51,893.82
Supplier#000000574,13784,RUSSIA,8096.98,398.27
Supplier#000000574,323,RUSSIA,8096.98,574.84
Supplier#000000996,10735,GERMANY,6329.90,969.27
Supplier#000000647,13120,UNITED KINGDOM,9828.21,115.29
Supplier#000000328,16327,GERMANY,5069.27,804.44
Supplier#000000016,1015,RUSSIA,2972.26,795.39
Supplier#000000367,6854,RUSSIA,8488.53,229.80
