s_name,p_partkey,n_name,s_acctbal,min(ps_supplycost)
Supplier#000000954,4191,FRANCE,6721.70,579.68
Supplier#000000553,8036,FRANCE,3526.53,291.29
Supplier#000000276,13275,FRANCE,7144.78,764.26
Supplier#000000704,9926,ROMANIA,-845.44,89.07
Supplier#000000646,11384,FRANCE,8430.52,954.79
Supplier#000000007,13217,UNITED KINGDOM,6820.35,672.09
Supplier#000000959,4958,GERMANY,9032.15,682.03
Supplier#000000239,12238,RUSSIA,4672.25,209.27
Supplier#000000510,17242,ROMANIA,-314.06,191.95
Supplier#000000409,2156,GERMANY,-820.89,218.40
Supplier#000000321,7320,ROMANIA,4941.88,35.37
Supplier#000000949,9430,UNITED KINGDOM,91.39,382.52
Supplier#000000121,13120,FRANCE,5733.61,535.02
Supplier#000000509,18972,FRANCE,4315.15,794.26
Supplier#000000812,10551,FRANCE,8615.50,259.66
Supplier#000000323,3563,RUSSIA,704.83,651.31
Supplier#000000840,3080,ROMANIA,2963.09,410.85
Supplier#000000574,323,RUSSIA,8096.98,574.84
Supplier#000000477,10956,GERMANY,7205.20,765.75
Supplier#000000785,13784,RUSSIA,5364.99,140.42
Supplier#000000367,6854,RUSSIA,8488.53,229.80
