s_name,p_partkey,n_name,s_acctbal,min(ps_supplycost)
Supplier#000000799,11276,RUSSIA,765.69,10.80
Supplier#000000553,8036,FRANCE,3526.53,291.29
Supplier#000000553,17018,FRANCE,3526.53,255.77
Supplier#000000690,9430,ROMANIA,7448.46,602.73
Supplier#000000623,6854,GERMANY,5408.07,408.25
Supplier#000000646,11384,FRANCE,8430.52,954.79
Supplier#000000070,17268,FRANCE,9508.37,738.28
Supplier#000000409,2156,GERMANY,-820.89,218.40
Supplier#000000070,3563,FRANCE,9508.37,346.02
Supplier#000000959,4958,GERMANY,9032.15,682.03
Supplier#000000025,12238,RUSSIA,9198.31,793.09
Supplier#000000333,11810,RUSSIA,8702.02,839.77
Supplier#000000510,17242,ROMANIA,-314.06,191.95
Supplier#000000802,10021,ROMANIA,9453.01,586.82
Supplier#000000812,13811,FRANCE,8615.50,268.74
Supplier#000000115,13325,UNITED KINGDOM,9192.10,45.45
Supplier#000000121,13120,FRANCE,5733.61,535.02
Supplier#000000321,7320,ROMANIA,4941.88,35.37
Supplier#000000104,18103,FRANCE,1381.97,515.38
Supplier#000000509,18972,FRANCE,4315.15,794.26
Supplier#000000170,7655,UNITED KINGDOM,7392.78,317.54
Supplier#000000771,13981,ROMANIA,2221.25,342.07
Supplier#000000840,3080,ROMANIA,2963.09,410.85
Supplier#000000563,5797,GERMANY,-942.73,628.11
Supplier#000000290,2037,FRANCE,167.56,339.06
Supplier#000000477,10956,GERMANY,7205.20,765.75
Supplier#000000574,323,RUSSIA,8096.98,574.84
Supplier#000000680,5679,RUSSIA,4586.49,19.04
Supplier#000000470,6213,ROMANIA,727.89,601.78
